last_name, first_name,player_id,year,player_age,ab,hit,single,double,triple,home_run,strikeout,walk,k_percent,bb_percent,batting_avg,on_base_percent,
Hunter, Torii,116338,2015,39,521,125,81,22,0,22,105,35,18.5,6.2,.240,.293,
Ortiz, David,120074,2015,39,528,144,70,37,0,37,95,77,15.5,12.5,.273,.360,
Rodriguez, Alex,121347,2015,39,523,131,75,22,1,33,145,84,23.4,13.5,.250,.356,
Ramirez, Aramis,133380,2015,37,475,117,68,31,1,17,68,31,13.2,6,.246,.297,
Beltre, Adrian,134181,2015,36,567,163,109,32,4,18,65,41,10.5,6.6,.287,.334,
Beltran, Carlos,136860,2015,38,478,132,78,34,1,19,85,45,16,8.5,.276,.337,
Rollins, Jimmy,276519,2015,36,517,116,76,24,3,13,86,44,15.3,7.8,.224,.285,
Pujols, Albert,405395,2015,35,602,147,85,22,0,40,72,50,10.9,7.6,.244,.307,
Byrd, Marlon,407781,2015,37,506,125,72,25,5,23,145,29,26.7,5.3,.247,.290,
Mauer, Joe,408045,2015,32,592,157,111,34,2,10,112,67,16.8,10.1,.265,.338,
Cabrera, Miguel,408234,2015,32,429,145,98,28,1,18,82,77,16,15.1,.338,.440,
Gonzalez, Adrian,408236,2015,33,571,157,96,33,0,28,107,62,16.7,9.7,.275,.350,
Phillips, Brandon,408252,2015,34,588,173,140,19,2,12,68,27,10.9,4.3,.294,.328,
Reyes, Jose,408314,2015,32,481,132,98,25,2,7,62,26,11.9,5,.274,.310,
Peralta, Jhonny,425509,2015,33,579,159,115,26,1,17,111,50,17.3,7.8,.275,.334,
Choo, Shin-Soo,425783,2015,32,555,153,96,32,3,22,147,76,22.5,11.6,.276,.375,
Molina, Yadier,425877,2015,32,488,132,103,23,2,4,59,32,11.1,6,.270,.310,
Fielder, Prince,425902,2015,31,613,187,136,28,0,23,88,64,12.7,9.2,.305,.378,
Cano, Robinson,429664,2015,32,624,179,123,34,1,21,107,43,15.9,6.4,.287,.334,
Encarnacion, Edwin,429665,2015,32,528,146,76,31,0,39,98,77,15.7,12.3,.277,.372,
Howard, Ryan,429667,2015,35,467,107,54,29,1,23,138,27,27.5,5.4,.229,.277,
Bautista, Jose,430832,2015,34,543,136,64,29,3,40,106,110,15.9,16.5,.250,.377,
Jones, Adam,430945,2015,29,546,147,92,25,3,27,102,24,17.6,4.1,.269,.308,
Aybar, Erick,430947,2015,31,597,161,127,30,1,3,73,25,11.4,3.9,.270,.301,
Martin, Russell,431145,2015,32,441,106,58,23,2,23,106,53,20.9,10.5,.240,.329,
Granderson, Curtis,434158,2015,34,580,150,89,33,2,26,151,91,22.1,13.3,.259,.364,
Pagan, Angel,434636,2015,33,512,134,107,21,3,3,93,32,16.9,5.8,.262,.303,
Morales, Kendrys,434778,2015,32,569,165,100,41,2,22,103,58,16.1,9.1,.290,.362,
Kinsler, Ian,435079,2015,33,624,185,132,35,7,11,80,43,11.9,6.4,.296,.342,
McCann, Brian,435263,2015,31,465,108,66,15,1,26,97,52,18.1,9.7,.232,.320,
Walker, Neil,435522,2015,29,543,146,95,32,3,16,110,44,18.2,7.3,.269,.328,
Desmond, Ian,435622,2015,29,583,136,88,27,2,19,187,45,29.2,7,.233,.290,
Cruz Jr., Nelson,443558,2015,34,590,178,111,22,1,44,164,59,25,9,.302,.369,
Trumbo, Mark,444432,2015,29,508,133,85,23,3,22,132,36,24.2,6.6,.262,.310,
Peralta, David,444482,2015,27,462,144,91,26,10,17,107,44,20.7,8.5,.312,.371,
Escobar, Alcides,444876,2015,28,612,157,129,20,5,3,75,26,11.3,3.9,.257,.293,
Prado, Martin,445988,2015,31,500,144,111,22,2,9,68,37,12.3,6.7,.288,.338,
Duda, Lucas,446263,2015,29,471,115,55,33,0,27,138,66,24.9,11.9,.244,.352,
Longoria, Evan,446334,2015,29,604,163,106,35,1,21,132,51,19.7,7.6,.270,.328,
Davis, Chris,448801,2015,29,573,150,72,31,0,47,208,84,31,12.5,.262,.361,
Zobrist, Ben,450314,2015,34,467,129,77,36,3,13,56,62,10.5,11.6,.276,.359,
Fowler, Dexter,451594,2015,29,596,149,95,29,8,17,154,84,22.3,12.2,.250,.346,
Headley, Chase,452104,2015,31,580,150,109,29,1,11,135,51,21,7.9,.259,.324,
Lind, Adam,452252,2015,31,502,139,87,32,0,20,100,66,17.5,11.5,.277,.360,
Cabrera, Asdrubal,452678,2015,29,505,134,86,28,5,15,107,36,19.4,6.5,.265,.315,
Tulowitzki, Troy,453064,2015,30,486,136,92,27,0,17,114,38,21.3,7.1,.280,.337,
Blackmon, Charlie,453568,2015,28,614,176,119,31,9,17,112,46,16.4,6.7,.287,.347,
Frazier, Todd,453943,2015,29,619,158,79,43,1,35,137,44,20.2,6.5,.255,.309,
Markakis, Nick,455976,2015,31,612,181,139,38,1,3,83,70,12.1,10.2,.296,.370,
Butler, Billy,456714,2015,29,538,135,91,28,1,15,101,52,16.8,8.7,.251,.323,
Cain, Lorenzo,456715,2015,29,551,169,113,34,6,16,98,37,16.2,6.1,.307,.361,
McCutchen, Andrew,457705,2015,28,566,165,103,36,3,23,133,98,19.4,14.3,.292,.401,
Jackson, Austin,457706,2015,28,491,131,94,25,3,9,126,29,23.9,5.5,.267,.311,
Upton, Justin,457708,2015,27,542,136,81,26,3,26,159,68,25.7,11,.251,.336,
Maybin, Cameron,457727,2015,28,505,135,105,18,2,10,102,45,18.4,8.1,.267,.327,
Posey III, Buster,457763,2015,28,557,177,130,28,0,19,52,56,8.3,9,.318,.379,
Bruce, Jay,457803,2015,28,580,131,66,35,4,26,145,58,22.3,8.9,.226,.294,
Votto, Joey,458015,2015,31,545,171,107,33,2,29,135,143,19.4,20.6,.314,.459,
Coghlan, Chris,458085,2015,30,440,110,63,25,6,16,94,58,18.7,11.5,.250,.341,
Gardner, Brett,458731,2015,31,571,148,103,26,3,16,135,68,20.6,10.4,.259,.343,
Braun, Ryan,460075,2015,31,506,144,89,27,3,25,115,54,20.3,9.5,.285,.356,
Moss, Brandon,461235,2015,31,469,106,61,24,2,19,148,49,28.1,9.3,.226,.304,
Kemp, Matt,461314,2015,30,596,158,101,31,3,23,147,39,22.7,6,.265,.312,
Plouffe, Trevor,461858,2015,29,573,140,79,35,4,22,124,50,19.6,7.9,.244,.307,
Andrus, Elvis,462101,2015,26,596,154,111,34,2,7,78,46,11.8,7,.258,.309,
Cervelli, Francisco,465041,2015,29,451,133,104,17,5,7,94,46,18.4,9,.295,.370,
Cabrera, Melky,466320,2015,30,629,172,122,36,2,12,88,40,12.9,5.9,.273,.314,
Sandoval, Pablo,467055,2015,28,470,115,79,25,1,10,73,25,14.5,5,.245,.292,
Ramos, Wilson,467092,2015,27,475,109,78,16,0,15,101,21,20,4.2,.229,.258,
Santana, Carlos,467793,2015,29,550,127,77,29,2,19,122,108,18.3,16.2,.231,.357,
Parra, Gerardo,467827,2015,28,547,159,104,36,5,14,92,28,15.6,4.8,.291,.328,
Gonzalez, Carlos,471865,2015,29,554,150,83,25,2,40,133,46,21.9,7.6,.271,.325,
Belt, Brandon,474832,2015,27,492,138,82,33,5,18,147,56,26.4,10.1,.280,.356,
Brantley Jr., Michael,488726,2015,28,529,164,104,45,0,15,51,60,8.6,10.1,.310,.379,
Escobar, Yunel,488862,2015,32,535,168,133,25,1,9,70,45,11.8,7.6,.314,.375,
Morrison, Logan,489149,2015,27,457,103,68,15,3,17,81,47,15.9,9.2,.225,.302,
Cespedes, Yoenis,493316,2015,29,633,184,101,42,6,35,141,33,20.9,4.9,.291,.328,
Ramirez, Alexei,493351,2015,33,583,145,102,33,0,10,68,31,10.9,5,.249,.285,
Solarte, Yangervis,500208,2015,27,526,142,91,33,4,14,56,34,9.8,6,.270,.320,
Martinez, J.D.,502110,2015,27,596,168,95,33,2,38,178,53,27.1,8.1,.282,.344,
Reddick, Josh,502210,2015,28,526,143,94,25,4,20,65,49,11.2,8.5,.272,.333,
Murphy, Daniel,502517,2015,30,499,140,86,38,2,14,38,31,7.1,5.8,.281,.322,
Goldschmidt, Paul,502671,2015,27,567,182,109,38,2,33,151,118,21.8,17,.321,.435,
Altuve, Jose,514888,2015,25,638,200,141,40,4,15,67,33,9.7,4.8,.313,.353,
Segura, Jean,516416,2015,25,560,144,117,16,5,6,93,13,15.9,2.2,.257,.281,
Castro, Starlin,516770,2015,25,547,145,109,23,2,11,91,21,15.7,3.6,.265,.296,
Marte, Starling,516782,2015,26,579,166,115,30,2,19,123,27,19.4,4.3,.287,.337,
Donaldson, Josh,518626,2015,29,620,184,100,41,2,41,133,73,18.7,10.3,.297,.371,
Heyward, Jason,518792,2015,25,547,160,110,33,4,13,90,56,14.8,9.2,.293,.359,
LeMahieu, DJ,518934,2015,26,564,170,138,21,5,6,107,50,17.3,8.1,.301,.358,
Moreland, Mitch,519048,2015,29,471,131,81,27,0,23,112,32,21.7,6.2,.278,.330,
Moustakas, Mike,519058,2015,26,549,156,99,34,1,22,76,43,12.4,7,.284,.348,
Norris, Derek,519083,2015,26,515,129,80,33,2,14,131,35,23.5,6.3,.250,.305,
Revere, Ben,519184,2015,27,592,181,150,22,7,2,64,32,10.1,5,.306,.342,
Rizzo, Anthony,519203,2015,25,586,163,91,38,3,31,105,78,15,11.1,.278,.387,
Vogt, Stephen,519390,2015,30,445,116,74,21,3,18,97,56,19,11,.261,.341,
Galvis, Freddy,520471,2015,25,559,147,121,14,5,7,103,30,17.1,5,.263,.302,
Perez, Salvador,521692,2015,25,531,138,92,25,0,21,82,13,14.8,2.4,.260,.280,
Forsythe, Logan,523253,2015,28,540,152,100,33,2,17,111,55,18,8.9,.281,.359,
Flores, Wilmer,527038,2015,23,483,127,89,22,0,16,63,19,12.4,3.7,.263,.295,
Garcia, Avisail,541645,2015,24,553,142,110,17,2,13,141,36,23.5,6,.257,.309,
Inciarte, Ender,542255,2015,24,524,159,121,27,5,6,58,26,10.3,4.6,.303,.338,
Burns, Billy,542993,2015,25,520,153,121,18,9,5,81,26,14.6,4.7,.294,.334,
Crawford, Brandon,543063,2015,28,507,130,72,33,4,21,119,39,21.2,7,.256,.321,
Giavotella, Johnny,543213,2015,27,453,123,89,25,5,4,59,32,11.8,6.4,.272,.318,
Gose, Anthony,543238,2015,24,485,123,86,24,8,5,145,45,27.1,8.4,.254,.321,
Hosmer, Eric,543333,2015,25,599,178,122,33,5,18,108,61,16.2,9.1,.297,.363,
Kipnis, Jason,543401,2015,28,565,171,112,43,7,9,107,57,16.7,8.9,.303,.372,
Lawrie, Brett,543434,2015,25,562,146,98,29,3,16,144,28,23.9,4.7,.260,.299,
Semien, Marcus,543760,2015,24,556,143,98,23,7,15,132,42,22,7,.257,.310,
Strange-Gordon, Dee,543829,2015,27,615,205,169,24,8,4,91,25,13.9,3.8,.333,.359,
Wong, Kolten,543939,2015,24,557,146,103,28,4,11,95,36,15.5,5.9,.262,.321,
Gregorius, Didi,544369,2015,25,525,139,104,24,2,9,85,33,14.7,5.7,.265,.318,
Trout, Mike,545361,2015,23,575,172,93,32,6,41,158,92,23.2,13.5,.299,.402,
Herrera, Odubel,546318,2015,23,495,147,106,30,3,8,129,28,24,5.2,.297,.344,
Harper, Bryce,547180,2015,22,521,172,91,38,1,42,131,124,20,19,.330,.460,
Abreu, Jose,547989,2015,28,613,178,111,34,3,30,140,39,21,5.8,.290,.347,
Polanco, Gregory,570256,2015,23,593,152,102,35,6,9,121,55,18.6,8.4,.256,.320,
Arenado, Nolan,571448,2015,24,616,177,88,43,4,42,110,34,16.5,5.1,.287,.323,
Holt, Brock,571788,2015,27,454,127,92,27,6,2,97,46,19.1,9,.280,.349,
Owings, Chris,572008,2015,23,515,117,81,27,5,4,144,26,26.1,4.7,.227,.264,
Pollock, AJ,572041,2015,27,609,192,127,39,6,20,89,53,13.2,7.9,.315,.367,
Seager, Kyle,572122,2015,27,623,166,103,37,0,26,98,54,14.3,7.9,.266,.328,
Taylor, Michael A.,572191,2015,24,472,108,77,15,2,14,158,35,30.9,6.8,.229,.282,
Carpenter, Matt,572761,2015,29,574,156,81,44,3,28,151,81,22.7,12.2,.272,.365,
Dozier, Brian,572821,2015,28,628,148,77,39,4,28,148,61,21,8.7,.236,.307,
Bryant, Kris,592178,2015,23,559,154,92,31,5,26,199,77,30.6,11.8,.275,.369,
Castellanos, Nick,592206,2015,23,549,140,86,33,6,15,152,39,25.5,6.6,.255,.303,
Machado, Manny,592518,2015,22,633,181,115,30,1,35,111,70,15.6,9.8,.286,.359,
Pederson, Joc,592626,2015,23,480,101,55,19,1,26,170,92,29.1,15.7,.210,.346,
Simmons, Andrelton,592743,2015,25,535,142,113,23,2,4,48,39,8.2,6.7,.265,.321,
Yelich, Christian,592885,2015,23,476,143,104,30,2,7,101,47,19.2,9,.300,.366,
Bogaerts, Xander,593428,2015,22,613,196,151,35,3,7,101,32,15.4,4.9,.320,.355,
Calhoun, Kole,594777,2015,27,630,161,110,23,2,26,164,45,23.9,6.6,.256,.308,
Eaton, Adam,594809,2015,26,610,175,124,28,9,14,131,58,19,8.4,.287,.361,
Gattis, Evan,594828,2015,28,566,139,81,20,11,27,119,30,19.7,5,.246,.285,
Kiermaier, Kevin,595281,2015,25,505,133,86,25,12,10,95,24,17.8,4.5,.263,.298,
Betts, Mookie,605141,2015,22,597,174,106,42,8,18,82,46,12.5,7,.291,.341,
Peterson, Jace,607054,2015,25,528,126,92,23,5,6,120,56,20.1,9.4,.239,.314,
Pillar, Kevin,607680,2015,26,586,163,118,31,2,12,85,28,13.5,4.5,.278,.314,
Russell, Addison,608365,2015,21,475,115,72,29,1,13,149,42,28.5,8,.242,.307,
Duffy, Matt,622110,2015,24,573,169,123,28,6,12,96,30,15.7,4.9,.295,.334,
Ortiz, David,120074,2016,40,537,169,82,48,1,38,86,80,13.7,12.8,.315,.401,
Beltre, Adrian,134181,2016,37,583,175,111,31,1,32,66,48,10.3,7.5,.300,.358,
Beltran, Carlos,136860,2016,39,552,163,101,33,0,29,101,35,17,5.9,.295,.337,
Werth, Jayson,150029,2016,37,525,128,79,28,0,21,139,71,22.9,11.7,.244,.335,
Martinez, Victor,400121,2016,37,553,160,111,22,0,27,90,50,14.8,8.2,.289,.351,
Utley, Chase,400284,2016,37,512,129,86,26,3,14,115,40,20.4,7.1,.252,.319,
Pujols, Albert,405395,2016,36,593,159,109,19,0,31,75,49,11.5,7.5,.268,.323,
Mauer, Joe,408045,2016,33,494,129,92,22,4,11,93,79,16.1,13.7,.261,.363,
Cabrera, Miguel,408234,2016,33,595,188,118,31,1,38,116,75,17.1,11,.316,.393,
Gonzalez, Adrian,408236,2016,34,568,162,113,31,0,18,117,55,18.5,8.7,.285,.349,
Phillips, Brandon,408252,2016,35,550,160,114,34,1,11,68,18,11.6,3.1,.291,.320,
Upton Jr., B.J.,425834,2016,31,492,117,79,15,3,20,155,37,28.8,6.9,.238,.291,
Molina, Yadier,425877,2016,33,534,164,117,38,1,8,63,39,10.8,6.7,.307,.360,
Cano, Robinson,429664,2016,33,655,195,121,33,2,39,100,47,14,6.6,.298,.350,
Encarnacion, Edwin,429665,2016,33,601,158,82,34,0,42,138,87,19.7,12.4,.263,.357,
Bautista, Jose,430832,2016,35,423,99,52,24,1,22,103,87,19.9,16.8,.234,.366,
Jones, Adam,430945,2016,30,619,164,116,19,0,29,115,39,17.1,5.8,.265,.310,
Martin, Russell,431145,2016,33,455,105,69,16,0,20,148,64,27.7,12,.231,.335,
Granderson, Curtis,434158,2016,35,545,129,70,24,5,30,130,74,20.5,11.7,.237,.335,
Pagan, Angel,434636,2016,34,495,137,96,24,5,12,66,42,12.2,7.8,.277,.331,
Ramirez, Hanley,434670,2016,32,549,157,98,28,1,30,120,60,19.4,9.7,.286,.361,
Morales, Kendrys,434778,2016,33,558,147,93,24,0,30,120,48,19.4,7.8,.263,.327,
Kendrick III, Howie,435062,2016,32,487,124,88,26,2,8,96,50,17.7,9.2,.255,.326,
Napoli, Mike,435063,2016,34,557,133,76,22,1,34,194,78,30.1,12.1,.239,.335,
Kinsler, Ian,435079,2016,34,618,178,117,29,4,28,115,45,16.9,6.6,.288,.348,
Desmond, Ian,435622,2016,30,625,178,124,29,3,22,160,44,23.6,6.5,.285,.335,
Cruz Jr., Nelson,443558,2016,35,589,169,98,27,1,43,159,62,23.8,9.3,.287,.360,
Trumbo, Mark,444432,2016,30,613,157,82,27,1,47,170,51,25.5,7.6,.256,.316,
Escobar, Alcides,444876,2016,29,637,166,129,24,6,7,96,27,14.1,4,.261,.292,
Prado, Martin,445988,2016,32,600,183,135,37,3,8,69,49,10.5,7.4,.305,.359,
Longoria, Evan,446334,2016,30,633,173,92,41,4,36,144,42,21,6.1,.273,.318,
Cozart, Zack,446359,2016,30,464,117,71,28,2,16,84,37,16.5,7.3,.252,.308,
Davis, Chris,448801,2016,30,566,125,66,21,0,38,219,88,32.9,13.2,.221,.332,
Zobrist, Ben,450314,2016,35,523,142,90,31,3,18,82,96,13,15.2,.272,.386,
Fowler, Dexter,451594,2016,30,456,126,81,25,7,13,124,79,22.5,14.3,.276,.393,
Headley, Chase,452104,2016,32,467,118,85,18,1,14,118,51,22.3,9.6,.253,.331,
Span, Denard,452655,2016,32,572,152,113,23,5,11,79,53,12.4,8.3,.266,.331,
Cabrera, Asdrubal,452678,2016,30,521,146,92,30,1,23,103,38,18.1,6.7,.280,.336,
Ellsbury, Jacoby,453056,2016,32,551,145,107,24,5,9,84,54,13.6,8.8,.263,.330,
Tulowitzki, Troy,453064,2016,31,492,125,80,21,0,24,101,43,18.6,7.9,.254,.318,
Blackmon, Charlie,453568,2016,29,578,187,118,35,5,29,102,43,15.9,6.7,.324,.381,
Frazier, Todd,453943,2016,30,590,133,72,21,0,40,163,64,24.5,9.6,.225,.302,
Markakis, Nick,455976,2016,32,599,161,110,38,0,13,101,71,14.8,10.4,.269,.346,
Pedroia, Dustin,456030,2016,32,633,201,149,36,1,15,73,61,10.5,8.7,.318,.376,
Nunez, Eduardo,456488,2016,29,553,159,115,24,4,16,88,29,14.8,4.9,.288,.325,
McCutchen, Andrew,457705,2016,29,598,153,100,26,3,24,143,69,21.2,10.2,.256,.336,
Upton, Justin,457708,2016,28,570,140,79,28,2,31,179,50,28.6,8,.246,.310,
Turner, Justin,457759,2016,31,556,153,89,34,3,27,107,48,17.2,7.7,.275,.339,
Posey III, Buster,457763,2016,29,539,155,106,33,2,14,68,64,11.1,10.4,.288,.362,
Espinosa, Danny,457787,2016,29,516,108,69,15,0,24,174,54,29,9,.209,.306,
Bruce, Jay,457803,2016,29,539,135,69,27,6,33,126,44,21.4,7.5,.250,.309,
Votto, Joey,458015,2016,32,556,181,116,34,2,29,120,108,17.7,16,.326,.434,
Gardner, Brett,458731,2016,32,547,143,108,22,6,7,106,70,16.7,11,.261,.351,
Saunders, Michael,459431,2016,29,490,124,65,32,3,24,157,59,28.1,10.6,.253,.338,
Braun, Ryan,460075,2016,32,511,156,100,23,3,30,98,46,17.4,8.2,.305,.365,
Gordon, Alex,460086,2016,32,445,98,63,16,2,17,148,52,29.2,10.3,.220,.312,
Kemp, Matt,461314,2016,31,623,167,93,39,0,35,156,36,23.2,5.4,.268,.304,
Andrus, Elvis,462101,2016,27,506,153,107,31,7,8,70,47,12.3,8.3,.302,.362,
Cabrera, Melky,466320,2016,31,591,175,114,42,5,14,69,47,10.7,7.3,.296,.345,
Ramos, Wilson,467092,2016,28,482,148,101,25,0,22,79,35,15.1,6.7,.307,.354,
Santana, Carlos,467793,2016,30,582,151,83,31,3,34,99,99,14.4,14.4,.259,.366,
Gonzalez, Carlos,471865,2016,30,584,174,105,42,2,25,129,46,20.4,7.3,.298,.350,
Mercer, Jordy,474568,2016,29,519,133,97,22,3,11,83,51,14.2,8.7,.256,.328,
Belt, Brandon,474832,2016,28,542,149,83,41,8,17,148,104,22.6,15.9,.275,.394,
Carter, Chris,474892,2016,29,549,122,53,27,1,41,206,76,32,11.8,.222,.321,
Alonso, Yonder,475174,2016,29,482,122,81,34,0,7,74,45,13.9,8.5,.253,.316,
Escobar, Yunel,488862,2016,33,517,157,123,28,1,5,67,40,11.8,7.1,.304,.355,
Cespedes, Yoenis,493316,2016,30,479,134,77,25,1,31,108,51,19.9,9.4,.280,.354,
Ramirez, Alexei,493351,2016,34,478,115,85,22,2,6,63,21,12.5,4.2,.241,.277,
Davis, Khris,501981,2016,28,555,137,69,24,2,42,166,42,27.2,6.9,.247,.307,
Martinez, J.D.,502110,2016,28,460,141,82,35,2,22,128,49,24.8,9.5,.307,.373,
Valencia, Danny,502143,2016,31,471,135,95,22,1,17,115,41,22.2,7.9,.287,.346,
Murphy, Daniel,502517,2016,31,531,184,107,47,5,25,57,35,9.8,6,.347,.390,
Goldschmidt, Paul,502671,2016,28,579,172,112,33,3,24,150,110,21.3,15.6,.297,.411,
Gonzalez, Marwin,503556,2016,27,484,123,81,26,3,13,118,22,22.8,4.2,.254,.293,
Altuve, Jose,514888,2016,26,640,216,145,42,5,24,70,60,9.8,8.4,.338,.396,
Hernandez, Cesar,514917,2016,26,547,161,130,14,11,6,116,66,18.6,10.6,.294,.371,
Segura, Jean,516416,2016,26,637,203,135,41,7,20,101,39,14.6,5.6,.319,.368,
Castro, Starlin,516770,2016,26,577,156,105,29,1,21,118,24,19.3,3.9,.270,.300,
Marte, Starling,516782,2016,27,489,152,104,34,5,9,104,23,19.7,4.3,.311,.362,
Donaldson, Josh,518626,2016,30,577,164,90,32,5,37,119,109,17,15.6,.284,.404,
Freeman, Freddie,518692,2016,26,589,178,95,43,6,34,171,89,24.7,12.8,.302,.400,
Heyward, Jason,518792,2016,26,530,122,87,27,1,7,93,54,15.7,9.1,.230,.306,
LeMahieu, DJ,518934,2016,27,552,192,141,32,8,11,80,66,12.6,10.4,.348,.416,
Lucroy, Jonathan,518960,2016,30,490,143,92,24,3,24,100,47,18.4,8.6,.292,.355,
Moreland, Mitch,519048,2016,30,460,107,64,21,0,22,118,35,23.5,7,.233,.298,
Rizzo, Anthony,519203,2016,26,583,170,91,43,4,32,108,74,16,10.9,.292,.385,
Vogt, Stephen,519390,2016,31,490,123,77,30,2,14,83,35,15.6,6.6,.251,.305,
Galvis, Freddy,520471,2016,26,584,141,92,26,3,20,136,25,21.8,4,.241,.274,
Perez, Salvador,521692,2016,26,514,127,75,28,2,22,119,22,21.8,4,.247,.288,
Forsythe, Logan,523253,2016,29,511,135,87,24,4,20,127,46,22.4,8.1,.264,.333,
Inciarte, Ender,542255,2016,25,522,152,118,24,7,3,68,45,11.8,7.8,.291,.351,
Ozuna, Marcell,542303,2016,25,557,148,96,23,6,23,115,43,18.9,7.1,.266,.321,
Villar, Jonathan,542340,2016,25,589,168,108,38,3,19,174,79,25.6,11.6,.285,.369,
Crawford, Brandon,543063,2016,29,553,152,101,28,11,12,115,57,18.5,9.1,.275,.342,
Harrison, Josh,543281,2016,28,487,138,102,25,7,4,76,18,14.6,3.4,.283,.311,
Hosmer, Eric,543333,2016,26,605,161,111,24,1,25,132,57,19.8,8.5,.266,.328,
Kipnis, Jason,543401,2016,29,610,168,100,41,4,23,146,60,21.2,8.7,.275,.343,
Miller, Brad,543543,2016,26,548,133,68,29,6,30,149,47,24.8,7.8,.243,.304,
Rendon, Anthony,543685,2016,26,567,153,93,38,2,20,117,65,18.1,10,.270,.348,
Semien, Marcus,543760,2016,25,568,135,79,27,2,27,139,51,22.4,8.2,.238,.300,
Shaw, Travis,543768,2016,26,480,116,64,34,2,16,133,43,25.1,8.1,.242,.306,
Springer III, George,543807,2016,26,644,168,105,29,5,29,178,88,23.9,11.8,.261,.359,
Gregorius, Didi,544369,2016,26,562,155,101,32,2,20,82,19,13.7,3.2,.276,.304,
Trout, Mike,545361,2016,24,549,173,107,32,5,29,137,116,20.1,17,.315,.441,
Herrera, Odubel,546318,2016,24,583,167,125,21,6,15,134,63,20.4,9.6,.286,.361,
Harper, Bryce,547180,2016,23,506,123,73,24,2,24,117,108,18.7,17.2,.243,.373,
Martin, Leonys,547982,2016,28,518,128,93,17,3,15,149,44,25.9,7.6,.247,.306,
Abreu, Jose,547989,2016,29,624,183,125,32,1,25,125,47,18,6.8,.293,.353,
Suarez, Eugenio,553993,2016,24,565,140,92,25,2,21,155,51,24.7,8.1,.248,.317,
Polanco, Gregory,570256,2016,24,527,136,76,34,4,22,119,53,20.3,9,.258,.323,
Schoop, Jonathan,570731,2016,24,615,164,100,38,1,25,137,21,21.2,3.2,.267,.298,
Arenado, Nolan,571448,2016,25,618,182,100,35,6,41,103,68,14.8,9.8,.294,.362,
Gennett, Scooter,571697,2016,26,498,131,86,30,1,14,114,38,21.1,7,.263,.317,
Lamb, Jake,571875,2016,25,523,130,61,31,9,29,154,64,25.9,10.8,.249,.332,
Myers, Wil,571976,2016,25,599,155,94,29,4,28,160,68,23.7,10.1,.259,.336,
Piscotty, Stephen,572039,2016,25,582,159,99,35,3,22,133,51,20.5,7.9,.273,.343,
Seager, Kyle,572122,2016,28,597,166,97,36,3,30,108,69,16,10.2,.278,.359,
Carpenter, Matt,572761,2016,30,473,128,65,36,6,21,108,81,19.1,14.3,.271,.380,
Dickerson, Corey,572816,2016,27,510,125,62,36,3,24,134,33,24.5,6,.245,.293,
Dozier, Brian,572821,2016,29,615,165,83,35,5,42,138,61,20,8.8,.268,.340,
Iglesias, Jose,578428,2016,26,467,119,89,26,0,4,50,28,9.7,5.5,.255,.306,
Hechavarria, Adeiny,588751,2016,27,508,120,94,17,6,3,73,33,13.3,6,.236,.283,
Bryant, Kris,592178,2016,24,603,176,99,35,3,39,154,75,22,10.7,.292,.385,
Machado, Manny,592518,2016,23,640,188,110,40,1,37,120,48,17.2,6.9,.294,.343,
Realmuto, J.T.,592663,2016,25,509,154,112,31,0,11,100,28,18.3,5.1,.303,.343,
Yelich, Christian,592885,2016,24,578,172,110,38,3,21,138,72,20.9,10.9,.298,.376,
Bogaerts, Xander,593428,2016,23,652,192,136,34,1,21,123,58,17.1,8.1,.294,.356,
Calhoun, Kole,594777,2016,28,594,161,103,35,5,18,118,67,17.6,10,.271,.348,
Duvall, Adam,594807,2016,27,552,133,63,31,6,33,164,41,27,6.8,.241,.297,
Eaton, Adam,594809,2016,27,619,176,124,29,9,14,115,63,16.3,8.9,.284,.362,
Lindor, Francisco,596019,2016,22,604,182,134,30,3,15,88,57,12.9,8.3,.301,.358,
Odor, Rougned,596059,2016,22,605,164,94,33,4,33,135,19,21.4,3,.271,.296,
Cuthbert, Cheslor,596144,2016,23,475,130,89,28,1,12,96,32,18.8,6.3,.274,.318,
Franco, Maikel,596748,2016,23,581,148,99,23,1,25,106,40,16.8,6.3,.255,.306,
Bradley Jr., Jackie,598265,2016,26,558,149,86,30,7,26,143,63,22.5,9.9,.267,.349,
Betts, Mookie,605141,2016,23,672,214,136,42,5,31,80,49,11,6.7,.318,.363,
Panik, Joe,605412,2016,25,464,111,73,21,7,10,47,50,8.9,9.5,.239,.315,
Pillar, Kevin,607680,2016,27,548,146,102,35,2,7,90,24,15.4,4.1,.266,.303,
Ramirez, Jose,608070,2016,23,565,176,116,46,3,11,62,44,10,7.1,.312,.363,
Russell, Addison,608365,2016,22,525,125,76,25,3,21,135,55,22.6,9.2,.238,.321,
Seager, Corey,608369,2016,22,627,193,122,40,5,26,133,54,19.4,7.9,.308,.365,
Mazara, Nomar,608577,2016,21,516,137,101,13,3,20,112,39,19.7,6.9,.266,.320,
Garcia, Adonis,611177,2016,31,532,145,102,29,0,14,93,24,16.5,4.3,.273,.311,
Correa, Carlos,621043,2016,21,577,158,99,36,3,20,139,75,21.1,11.4,.274,.361,
Tomas, Yasmany,630111,2016,25,530,144,82,30,1,31,136,31,24.2,5.5,.272,.313,
Beltran, Carlos,136860,2017,40,467,108,65,29,0,14,102,33,20,6.5,.231,.283,
Pujols, Albert,405395,2017,37,593,143,103,17,0,23,93,37,14.6,5.8,.241,.286,
Mauer, Joe,408045,2017,34,525,160,116,36,1,7,83,66,13.9,11.1,.305,.384,
Cabrera, Miguel,408234,2017,34,469,117,79,22,0,16,110,54,20.8,10.2,.249,.329,
Phillips, Brandon,408252,2017,36,572,163,115,34,1,13,73,21,12.1,3.5,.285,.319,
Reyes, Jose,408314,2017,34,501,123,76,25,7,15,79,50,14.1,8.9,.246,.315,
Choo, Shin-Soo,425783,2017,34,544,142,99,20,1,22,134,77,21.1,12.1,.261,.357,
Molina, Yadier,425877,2017,34,501,137,91,27,1,18,74,28,13.6,5.2,.273,.312,
Cano, Robinson,429664,2017,34,592,166,110,33,0,23,85,49,13.1,7.6,.280,.338,
Encarnacion, Edwin,429665,2017,34,554,143,84,20,1,38,133,104,19.9,15.5,.258,.377,
Bautista, Jose,430832,2017,36,587,119,69,27,0,23,170,84,24.8,12.2,.203,.308,
Jones, Adam,430945,2017,31,597,170,115,28,1,26,113,27,17.8,4.3,.285,.322,
Granderson, Curtis,434158,2017,36,449,95,42,24,3,26,123,71,23.3,13.5,.212,.323,
Ramirez, Hanley,434670,2017,33,496,120,73,24,0,23,116,51,21,9.2,.242,.320,
Morales, Kendrys,434778,2017,34,557,139,86,25,0,28,132,43,21.7,7.1,.250,.308,
Kinsler, Ian,435079,2017,35,551,130,80,25,3,22,86,55,14,9,.236,.313,
Cruz Jr., Nelson,443558,2017,36,556,160,93,28,0,39,140,70,21.7,10.9,.288,.375,
Trumbo, Mark,444432,2017,31,559,131,86,22,0,23,149,42,24.7,7,.234,.289,
Peralta, David,444482,2017,29,525,154,106,31,3,14,94,43,16.3,7.5,.293,.352,
Escobar, Alcides,444876,2017,30,599,150,103,36,5,6,102,15,16.2,2.4,.250,.272,
Longoria, Evan,446334,2017,31,613,160,102,36,2,20,109,46,16.1,6.8,.261,.313,
Cozart, Zack,446359,2017,31,438,130,75,24,7,24,78,62,15.4,12.2,.297,.385,
Reynolds, Mark,448602,2017,33,520,139,86,22,1,30,175,69,29.5,11.6,.267,.352,
Davis, Chris,448801,2017,31,456,98,56,15,1,26,195,61,37.2,11.6,.215,.309,
Headley, Chase,452104,2017,33,512,140,97,30,1,12,132,60,22.5,10.2,.273,.352,
Pence, Hunter,452254,2017,34,493,128,97,13,5,13,102,40,18.9,7.4,.260,.315,
Span, Denard,452655,2017,33,497,135,87,31,5,12,69,40,12.7,7.4,.272,.329,
Cabrera, Asdrubal,452678,2017,31,479,134,88,32,0,14,83,50,15.4,9.3,.280,.351,
Blackmon, Charlie,453568,2017,30,644,213,127,35,14,37,135,65,18.6,9,.331,.399,
Frazier, Todd,453943,2017,31,474,101,54,19,1,27,125,83,21.7,14.4,.213,.344,
Markakis, Nick,455976,2017,33,593,163,115,39,1,8,110,68,16.4,10.1,.275,.354,
Cain, Lorenzo,456715,2017,31,584,175,128,27,5,15,100,54,15.5,8.4,.300,.363,
McCutchen, Andrew,457705,2017,30,570,159,99,30,2,28,116,73,17.8,11.2,.279,.363,
Upton, Justin,457708,2017,29,557,152,73,44,0,35,180,74,28.3,11.7,.273,.361,
Turner, Justin,457759,2017,32,457,147,94,32,0,21,56,59,10.3,10.9,.322,.415,
Posey III, Buster,457763,2017,30,494,158,112,34,0,12,66,61,11.6,10.7,.320,.400,
Bruce, Jay,457803,2017,30,555,141,74,29,2,36,139,57,22.5,9.2,.254,.324,
Votto, Joey,458015,2017,33,559,179,108,34,1,36,83,134,11.7,19,.320,.454,
Gardner, Brett,458731,2017,33,594,157,106,26,4,21,122,72,17.9,10.6,.264,.350,
Joyce, Matt,459964,2017,32,469,114,56,33,0,25,113,66,20.8,12.1,.243,.335,
Gordon, Alex,460086,2017,33,476,99,68,20,2,9,126,45,23.3,8.3,.208,.293,
Andrus, Elvis,462101,2017,28,643,191,123,44,4,20,101,38,14.7,5.5,.297,.337,
Cabrera, Melky,466320,2017,32,620,177,128,30,2,17,74,36,11.1,5.4,.285,.324,
Santana, Carlos,467793,2017,31,571,148,85,37,3,23,94,88,14.1,13.2,.259,.363,
Gonzalez, Carlos,471865,2017,31,470,123,75,34,0,14,119,56,22.3,10.5,.262,.339,
Mercer, Jordy,474568,2017,30,502,128,85,24,5,14,88,51,15.8,9.1,.255,.326,
Alonso, Yonder,475174,2017,30,451,120,70,22,0,28,118,68,22.6,13.1,.266,.365,
Smoak, Justin,475253,2017,30,560,151,83,29,1,38,128,73,20.1,11.5,.270,.355,
Zimmerman, Ryan,475582,2017,32,524,159,90,33,0,36,126,44,21.9,7.6,.303,.358,
Lowrie, Jed,476704,2017,33,567,157,91,49,3,14,100,73,15.5,11.3,.277,.360,
Morrison, Logan,489149,2017,29,512,126,65,22,1,38,149,81,24.8,13.5,.246,.353,
Gurriel, Yuli,493329,2017,33,529,158,96,43,1,18,62,22,11,3.9,.299,.332,
Solarte, Yangervis,500208,2017,29,466,119,80,21,0,18,61,37,11.9,7.2,.255,.314,
Freese, David,501896,2017,34,426,112,86,16,0,10,116,58,23.1,11.5,.263,.368,
Davis, Khris,501981,2017,29,566,140,68,28,1,43,195,73,29.9,11.2,.247,.336,
Pham, Tommy,502054,2017,29,444,136,89,22,2,23,117,71,22.1,13.4,.306,.411,
Reddick, Josh,502210,2017,30,477,150,99,34,4,13,72,43,13.5,8.1,.314,.363,
Murphy, Daniel,502517,2017,32,534,172,103,43,3,23,77,52,13,8.8,.322,.384,
Goldschmidt, Paul,502671,2017,29,558,166,93,34,3,36,147,94,22.1,14.2,.297,.404,
Gonzalez, Marwin,503556,2017,28,455,138,81,34,0,23,99,49,19.2,9.5,.303,.377,
Altuve, Jose,514888,2017,27,590,204,137,39,4,24,84,58,12.7,8.8,.346,.410,
Hernandez, Cesar,514917,2017,27,511,150,109,26,6,9,104,61,18,10.6,.294,.373,
Segura, Jean,516416,2017,27,524,157,114,30,2,11,83,34,14.7,6,.300,.349,
Freeman, Freddie,518692,2017,27,440,135,70,35,2,28,95,65,18.5,12.6,.307,.403,
LeMahieu, DJ,518934,2017,28,609,189,149,28,4,8,90,59,13.2,8.7,.310,.374,
Moreland, Mitch,519048,2017,31,508,125,69,34,0,22,120,57,20.8,9.9,.246,.326,
Moustakas, Mike,519058,2017,28,555,151,89,24,0,38,94,34,15.7,5.7,.272,.314,
Rizzo, Anthony,519203,2017,27,572,156,89,32,3,32,90,91,13,13.2,.273,.392,
Souza Jr., Steven,519306,2017,28,523,125,72,21,2,30,179,84,29,13.6,.239,.351,
Stanton, Giancarlo,519317,2017,27,597,168,77,32,0,59,163,85,23.6,12.3,.281,.376,
Thames, Eric,519346,2017,30,469,116,55,26,4,31,163,75,29.6,13.6,.247,.359,
Galvis, Freddy,520471,2017,27,608,155,108,29,6,12,111,45,16.7,6.8,.255,.309,
Garcia, Avisail,541645,2017,26,518,171,121,27,5,18,111,33,19.8,5.9,.330,.380,
Inciarte, Ender,542255,2017,26,662,201,158,27,5,11,94,49,13.1,6.8,.304,.350,
Ozuna, Marcell,542303,2017,26,613,191,122,30,2,37,144,64,21.2,9.4,.312,.376,
Beckham, Tim,542921,2017,27,533,148,103,18,5,22,167,36,29,6.3,.278,.328,
Crawford, Brandon,543063,2017,30,518,131,82,34,1,14,113,42,19.8,7.4,.253,.305,
Harrison, Josh,543281,2017,29,486,132,88,26,2,16,90,28,16.6,5.2,.272,.339,
Hosmer, Eric,543333,2017,27,603,192,135,31,1,25,104,66,15.5,9.8,.318,.385,
Rendon, Anthony,543685,2017,27,508,153,86,41,1,25,82,84,13.6,13.9,.301,.403,
Shaw, Travis,543768,2017,27,538,147,81,34,1,31,138,60,22.8,9.9,.273,.349,
Springer III, George,543807,2017,27,548,155,92,29,0,34,111,64,17.7,10.2,.283,.367,
Strange-Gordon, Dee,543829,2017,29,653,201,170,20,9,2,93,25,13.4,3.6,.308,.341,
Gregorius, Didi,544369,2017,27,534,153,101,27,0,25,70,25,12.3,4.4,.287,.318,
Trout, Mike,545361,2017,25,402,123,62,25,3,33,90,94,17.8,18.5,.306,.442,
Herrera, Odubel,546318,2017,25,526,148,89,42,3,14,126,31,22.4,5.5,.281,.325,
Abreu, Jose,547989,2017,30,621,189,107,43,6,33,119,35,17.6,5.2,.304,.354,
Suarez, Eugenio,553993,2017,25,534,139,86,25,2,26,147,84,23.3,13.3,.260,.367,
Santana, Domingo,570267,2017,24,525,146,87,29,0,30,178,73,29.3,12,.278,.371,
Sanchez, Yolmer,570560,2017,25,484,129,90,19,8,12,111,35,20.8,6.6,.267,.319,
Schoop, Jonathan,570731,2017,25,622,182,115,35,0,32,142,35,21,5.2,.293,.338,
Arenado, Nolan,571448,2017,26,606,187,100,43,7,37,106,62,15.6,9.1,.309,.373,
Hamilton, Billy,571740,2017,26,582,144,112,17,11,4,133,44,21,7,.247,.299,
Joseph, Tommy,571830,2017,25,495,119,69,27,1,22,129,33,24.2,6.2,.240,.289,
Lamb, Jake,571875,2017,26,536,133,69,30,4,30,152,87,23.9,13.7,.248,.357,
Myers, Wil,571976,2017,26,567,138,76,29,3,30,180,70,27.7,10.8,.243,.328,
Seager, Kyle,572122,2017,29,578,144,83,33,1,27,110,58,16.9,8.9,.249,.323,
Carpenter, Matt,572761,2017,31,497,120,64,31,2,23,125,109,20.1,17.5,.241,.384,
Dickerson, Corey,572816,2017,28,588,166,102,33,4,27,152,35,24.2,5.6,.282,.325,
Dozier, Brian,572821,2017,30,617,167,99,30,4,34,141,78,20,11.1,.271,.359,
Bryant, Kris,592178,2017,25,549,162,91,38,4,29,128,95,19.2,14.3,.295,.409,
Castellanos, Nick,592206,2017,25,614,167,95,36,10,26,142,41,21.4,6.2,.272,.320,
Gamel, Ben,592325,2017,25,509,140,97,27,5,11,122,36,22.2,6.5,.275,.322,
Healy, Ryon,592387,2017,25,576,156,102,29,0,25,142,23,23.5,3.8,.271,.302,
Judge, Aaron,592450,2017,25,542,154,75,24,3,52,208,127,30.7,18.7,.284,.422,
Machado, Manny,592518,2017,24,630,163,96,33,1,33,115,50,16.7,7.2,.259,.310,
Realmuto, J.T.,592663,2017,26,532,148,95,31,5,17,106,36,18.3,6.2,.278,.332,
Rosario, Eddie,592696,2017,25,542,157,95,33,2,27,106,35,18,5.9,.290,.328,
Simmons, Andrelton,592743,2017,27,589,164,110,38,2,14,67,47,10.4,7.3,.278,.331,
Yelich, Christian,592885,2017,25,602,170,114,36,2,18,137,80,19.7,11.5,.282,.369,
Merrifield, Whit,593160,2017,28,587,169,112,32,6,19,88,29,14,4.6,.288,.324,
Bogaerts, Xander,593428,2017,24,571,156,108,32,6,10,116,56,18.3,8.8,.273,.343,
Polanco, Jorge,593871,2017,23,488,125,79,30,3,13,78,41,14.3,7.5,.256,.313,
Calhoun, Kole,594777,2017,29,569,139,95,23,2,19,134,71,20.5,10.9,.244,.333,
Duvall, Adam,594807,2017,28,587,146,75,37,3,31,170,39,26.3,6,.249,.301,
Schebler, Scott,594988,2017,26,473,110,53,25,2,30,125,39,23.5,7.3,.233,.307,
Baez, Javier,595879,2017,24,469,128,79,24,2,23,144,30,28.3,5.9,.273,.317,
Lindor, Francisco,596019,2017,23,651,178,97,44,4,33,93,60,12.9,8.3,.273,.337,
Odor, Rougned,596059,2017,23,607,124,70,21,3,30,162,32,24.9,4.9,.204,.252,
Story, Trevor,596115,2017,24,503,120,61,32,3,24,191,49,34.4,8.8,.239,.308,
Sanchez, Gary,596142,2017,24,471,131,78,20,0,33,120,40,22.9,7.6,.278,.345,
Kepler, Max,596146,2017,24,511,124,71,32,2,19,114,47,20.1,8.3,.243,.312,
Franco, Maikel,596748,2017,24,575,132,78,29,1,24,95,41,15.2,6.6,.230,.281,
Bradley Jr., Jackie,598265,2017,27,482,118,79,19,3,17,124,48,22.9,8.9,.245,.323,
Bell, Josh,605137,2017,24,549,140,82,26,6,26,117,66,18.9,10.6,.255,.334,
Betts, Mookie,605141,2017,24,628,166,94,46,2,24,79,77,11.1,10.8,.264,.344,
Panik, Joe,605412,2017,26,511,147,104,28,5,10,54,46,9.4,8,.288,.347,
Arcia, Orlando,606115,2017,22,506,140,106,17,2,15,100,36,18.2,6.6,.277,.324,
Peraza, Jose,606299,2017,23,487,126,108,9,4,5,70,20,13.5,3.9,.259,.297,
Pillar, Kevin,607680,2017,28,587,150,96,37,1,16,95,33,15,5.2,.256,.300,
Ramirez, Jose,608070,2017,24,585,186,95,56,6,29,69,52,10.7,8.1,.318,.374,
Bregman, Alex,608324,2017,23,556,158,95,39,5,19,97,55,15.5,8.8,.284,.352,
Gallo, Joey,608336,2017,23,449,94,32,18,3,41,196,75,36.8,14.1,.209,.333,
Seager, Corey,608369,2017,23,539,159,104,33,0,22,131,67,21.4,10.9,.295,.375,
Mazara, Nomar,608577,2017,22,554,140,88,30,2,20,127,55,20.6,8.9,.253,.323,
Swanson, Dansby,621020,2017,23,488,113,82,23,2,6,120,59,21.8,10.7,.232,.312,
Taylor, Chris,621035,2017,26,514,148,88,34,5,21,142,50,25,8.8,.288,.354,
Buxton, Byron,621439,2017,23,462,117,81,14,6,16,150,38,29.4,7.4,.253,.314,
Margot, Manuel,622534,2017,22,487,128,90,18,7,13,106,35,20,6.6,.263,.313,
Puig, Yasiel,624577,2017,26,499,131,77,24,2,28,100,64,17.5,11.2,.263,.346,
Anderson, Tim,641313,2017,24,587,151,104,26,4,17,162,13,26.7,2.1,.257,.276,
Bellinger, Cody,641355,2017,21,480,128,59,26,4,39,146,64,26.6,11.7,.267,.352,
Mancini III, Trey,641820,2017,25,543,159,105,26,4,24,139,33,23.7,5.6,.293,.338,
Benintendi, Andrew,643217,2017,22,573,155,108,26,1,20,112,70,17,10.6,.271,.352,
Martinez, Victor,400121,2018,39,467,117,87,21,0,9,49,32,9.6,6.3,.251,.297,
Mauer, Joe,408045,2018,35,486,137,103,27,1,6,86,51,15.8,9.4,.282,.351,
Choo, Shin-Soo,425783,2018,35,560,148,96,30,1,21,156,92,23.5,13.8,.264,.377,
Molina, Yadier,425877,2018,35,459,120,80,20,0,20,66,29,13.1,5.8,.261,.314,
Encarnacion, Edwin,429665,2018,35,500,123,74,16,1,32,132,63,22.8,10.9,.246,.336,
Jones, Adam,430945,2018,32,580,163,113,35,0,15,93,24,15.2,3.9,.281,.313,
Kinsler, Ian,435079,2018,36,487,117,77,26,0,14,64,40,12,7.5,.240,.301,
Desmond, Ian,435622,2018,32,555,131,80,21,8,22,146,53,23.6,8.6,.236,.307,
Cruz Jr., Nelson,443558,2018,37,519,133,77,18,1,37,122,55,20.6,9.3,.256,.342,
Peralta, David,444482,2018,30,560,164,104,25,5,30,124,48,20.2,7.8,.293,.352,
Escobar, Alcides,444876,2018,31,485,112,83,22,3,4,74,29,13.9,5.5,.231,.279,
Jay, Jon,445055,2018,33,527,141,112,19,7,3,95,33,16.2,5.6,.268,.330,
Longoria, Evan,446334,2018,32,480,117,72,25,4,16,101,22,19.7,4.3,.244,.281,
Davis, Chris,448801,2018,32,470,79,51,12,0,16,192,41,36.8,7.9,.168,.243,
Zobrist, Ben,450314,2018,37,455,139,99,28,3,9,60,55,11.5,10.6,.305,.378,
Cabrera, Asdrubal,452678,2018,32,546,143,83,36,1,23,119,41,20.1,6.9,.262,.316,
Blackmon, Charlie,453568,2018,31,626,182,115,31,7,29,134,59,19.3,8.5,.291,.358,
Markakis, Nick,455976,2018,34,623,185,126,43,2,14,80,72,11.3,10.2,.297,.366,
Nunez, Eduardo,456488,2018,31,480,127,91,23,3,10,69,16,13.7,3.2,.265,.289,
Cain, Lorenzo,456715,2018,32,539,166,129,25,2,10,94,71,15.2,11.5,.308,.395,
McCutchen, Andrew,457705,2018,31,569,145,92,30,3,20,145,95,21.3,13.9,.255,.368,
Upton, Justin,457708,2018,30,533,137,88,18,1,30,176,64,28.7,10.4,.257,.344,
Votto, Joey,458015,2018,34,503,143,101,28,2,12,101,108,16.2,17.3,.284,.417,
Gardner, Brett,458731,2018,34,530,125,86,20,7,12,107,65,17.6,10.7,.236,.322,
Gordon, Alex,460086,2018,34,506,124,87,24,0,13,124,50,21.8,8.8,.245,.324,
Kemp, Matt,461314,2018,33,462,134,88,25,0,21,115,36,22.7,7.1,.290,.338,
Santana, Carlos,467793,2018,32,560,128,74,28,2,24,93,110,13.7,16.2,.229,.352,
Gonzalez, Carlos,471865,2018,32,463,128,76,32,4,16,113,37,22.4,7.3,.276,.329,
Alonso, Yonder,475174,2018,31,516,129,87,19,0,23,123,51,21.4,8.9,.250,.317,
Smoak, Justin,475253,2018,31,505,122,63,34,0,25,156,83,26.3,14,.242,.350,
Lowrie, Jed,476704,2018,34,596,159,98,37,1,23,128,78,18.8,11.5,.267,.353,
Brantley Jr., Michael,488726,2018,31,570,176,121,36,2,17,60,48,9.5,7.6,.309,.364,
Gurriel, Yuli,493329,2018,34,537,156,109,33,1,13,63,23,11,4,.291,.323,
Solarte, Yangervis,500208,2018,30,468,106,69,20,0,17,72,31,14.2,6.1,.226,.277,
Rojas, Miguel,500743,2018,29,488,123,99,13,0,11,69,24,13.1,4.5,.252,.297,
Escobar, Eduardo,500871,2018,29,566,154,80,48,3,23,126,52,20,8.2,.272,.334,
Martinez, Jose,500874,2018,29,534,163,116,30,0,17,104,49,17.6,8.3,.305,.364,
Davis, Khris,501981,2018,30,576,142,65,28,1,48,175,59,26.8,9,.247,.326,
Pham, Tommy,502054,2018,30,494,136,91,18,6,21,140,67,24.6,11.8,.275,.367,
Martinez, J.D.,502110,2018,30,569,188,106,37,2,43,146,69,22.5,10.6,.330,.402,
Goldschmidt, Paul,502671,2018,30,593,172,99,35,5,33,173,90,25.1,13,.290,.389,
Gonzalez, Marwin,503556,2018,29,489,121,77,25,3,16,126,53,22.8,9.6,.247,.324,
Altuve, Jose,514888,2018,28,534,169,125,29,2,13,79,55,13.2,9.2,.316,.386,
Hernandez, Cesar,514917,2018,28,605,153,120,15,3,15,155,95,21.9,13.4,.253,.356,
Segura, Jean,516416,2018,28,586,178,136,29,3,10,69,32,10.9,5.1,.304,.341,
Castro, Starlin,516770,2018,28,593,165,119,32,2,12,124,48,19.2,7.4,.278,.329,
Marte, Starling,516782,2018,29,559,155,98,32,5,20,109,35,18,5.8,.277,.327,
Dietrich, Derek,518618,2018,28,499,132,88,26,2,16,140,29,25.4,5.3,.265,.330,
Freeman, Freddie,518692,2018,28,618,191,120,44,4,23,132,76,18.7,10.7,.309,.388,
Grandal, Yasmani,518735,2018,29,440,106,57,23,2,24,124,72,23.9,13.9,.241,.349,
LeMahieu, DJ,518934,2018,29,533,147,98,32,2,15,82,37,14.1,6.4,.276,.321,
Moustakas, Mike,519058,2018,29,573,144,82,33,1,28,103,49,16.2,7.7,.251,.315,
Rizzo, Anthony,519203,2018,28,566,160,105,29,1,25,80,70,12,10.5,.283,.376,
Stanton, Giancarlo,519317,2018,28,617,164,91,34,1,38,211,70,29.9,9.9,.266,.343,
Galvis, Freddy,520471,2018,28,602,149,100,31,5,13,147,45,22.4,6.9,.248,.299,
Perez, Salvador,521692,2018,28,510,120,70,23,0,27,108,17,19.9,3.1,.235,.274,
Inciarte, Ender,542255,2018,27,597,158,115,27,6,10,86,49,13,7.4,.265,.325,
Ozuna, Marcell,542303,2018,27,582,163,122,16,2,23,110,38,17.5,6.1,.280,.325,
Villar, Jonathan,542340,2018,27,466,121,92,14,1,14,138,41,26.8,8,.260,.325,
Aguilar, Jesus,542583,2018,28,492,135,75,25,0,35,143,58,25.3,10.2,.274,.352,
Crawford, Brandon,543063,2018,31,531,135,91,28,2,14,122,50,20.5,8.4,.254,.325,
Cron, C.J.,543068,2018,28,501,127,68,28,1,30,145,37,25.9,6.6,.253,.323,
Hicks, Aaron,543305,2018,28,480,119,71,18,3,27,111,90,19.1,15.5,.248,.366,
Hosmer, Eric,543333,2018,28,613,155,104,31,2,18,142,62,21,9.2,.253,.322,
Kipnis, Jason,543401,2018,31,530,122,75,28,1,18,112,60,18.6,10,.230,.315,
Rendon, Anthony,543685,2018,28,529,163,93,44,2,24,82,55,13.7,9.2,.308,.374,
Semien, Marcus,543760,2018,27,632,161,109,35,2,15,131,61,18.6,8.7,.255,.318,
Shaw, Travis,543768,2018,28,498,120,65,23,0,32,108,78,18.4,13.3,.241,.345,
Springer III, George,543807,2018,28,544,144,96,26,0,22,122,64,19.8,10.4,.265,.346,
Strange-Gordon, Dee,543829,2018,30,556,149,120,17,8,4,80,9,13.6,1.5,.268,.288,
Gregorius, Didi,544369,2018,28,504,135,80,23,5,27,69,48,12.1,8.4,.268,.335,
Trout, Mike,545361,2018,26,471,147,80,24,4,39,124,122,20.4,20.1,.312,.460,
Herrera, Odubel,546318,2018,26,550,140,96,19,3,22,122,38,20.4,6.4,.255,.310,
Harper, Bryce,547180,2018,25,550,137,69,34,0,34,169,130,24.3,18.7,.249,.393,
Abreu, Jose,547989,2018,31,499,132,73,36,1,22,109,37,19.7,6.7,.265,.325,
Suarez, Eugenio,553993,2018,26,527,149,91,22,2,34,142,64,23.4,10.6,.283,.366,
Polanco, Gregory,570256,2018,26,461,117,56,32,6,23,117,61,21.9,11.4,.254,.340,
Sanchez, Yolmer,570560,2018,26,600,145,93,34,10,8,138,49,20.8,7.4,.242,.306,
Arenado, Nolan,571448,2018,27,590,175,97,38,2,38,122,73,18.1,10.8,.297,.374,
Barnhart, Tucker,571466,2018,27,460,114,80,21,3,10,96,54,18.4,10.3,.248,.328,
Gennett, Scooter,571697,2018,28,584,181,125,30,3,23,125,42,19.6,6.6,.310,.357,
Hamilton, Billy,571740,2018,27,504,119,90,16,9,4,132,46,23.7,8.3,.236,.299,
Haniger, Mitch,571745,2018,27,596,170,102,38,4,26,148,70,21.7,10.2,.285,.366,
Piscotty, Stephen,572039,2018,27,546,146,78,41,0,27,114,42,18.8,6.9,.267,.331,
Seager, Kyle,572122,2018,30,583,129,70,36,1,22,138,38,21.9,6,.221,.273,
Carpenter, Matt,572761,2018,32,564,145,67,42,0,36,158,102,23.4,15.1,.257,.374,
Dickerson, Corey,572816,2018,29,504,151,96,35,7,13,80,21,15,3.9,.300,.330,
Dozier, Brian,572821,2018,31,553,119,66,30,2,21,129,70,20.4,11.1,.215,.305,
Contreras, Willson,575929,2018,26,474,118,76,27,5,10,121,53,22.2,9.7,.249,.339,
Castellanos, Nick,592206,2018,26,620,185,111,46,5,23,151,49,22.3,7.2,.298,.354,
Healy, Ryon,592387,2018,26,493,116,77,15,0,24,113,27,21.6,5.2,.235,.277,
Machado, Manny,592518,2018,25,632,188,113,35,3,37,104,70,14.7,9.9,.297,.367,
Realmuto, J.T.,592663,2018,27,477,132,78,30,3,21,104,38,19.7,7.2,.277,.340,
Rosario, Eddie,592696,2018,26,559,161,104,31,2,24,104,30,17.6,5.1,.288,.323,
Simmons, Andrelton,592743,2018,28,554,162,120,26,5,11,44,35,7.3,5.8,.292,.337,
Yelich, Christian,592885,2018,26,574,187,110,34,7,36,135,68,20.7,10.4,.326,.402,
Merrifield, Whit,593160,2018,29,632,192,134,43,3,12,114,61,16.1,8.6,.304,.367,
Bogaerts, Xander,593428,2018,25,513,148,77,45,3,23,102,55,17.6,9.5,.288,.360,
Calhoun, Kole,594777,2018,30,491,102,63,18,2,19,133,53,24.1,9.6,.208,.283,
Profar, Jurickson,595777,2018,25,524,133,72,35,6,20,88,54,14.8,9.1,.254,.335,
Baez, Javier,595879,2018,25,606,176,93,40,9,34,167,29,25.9,4.5,.290,.326,
Lindor, Francisco,596019,2018,24,661,183,101,42,2,38,107,70,14.4,9.4,.277,.352,
Odor, Rougned,596059,2018,24,474,120,77,23,2,18,127,43,23.7,8,.253,.326,
Story, Trevor,596115,2018,25,598,174,89,42,6,37,168,47,25.6,7.2,.291,.348,
Kepler, Max,596146,2018,25,532,119,65,30,4,20,96,71,15.7,11.6,.224,.319,
Bradley Jr., Jackie,598265,2018,28,474,111,61,33,4,13,137,46,25.6,8.6,.234,.314,
Candelario, Jeimer,600869,2018,24,539,121,71,28,3,19,160,66,25.8,10.7,.224,.317,
Ahmed, Nick,605113,2018,28,516,121,67,33,5,16,109,40,19.3,7.1,.234,.290,
Anderson, Brian,605119,2018,25,590,161,112,34,4,11,129,62,19.3,9.3,.273,.357,
Bell, Josh,605137,2018,25,501,131,84,31,4,12,104,77,17.8,13.2,.261,.357,
Betts, Mookie,605141,2018,25,520,180,96,47,5,32,91,81,14.8,13.2,.346,.438,
Smith, Mallex,605480,2018,25,480,142,103,27,10,2,98,47,18,8.6,.296,.367,
Hernandez, Teoscar,606192,2018,25,476,114,56,29,7,22,163,41,31.2,7.8,.239,.302,
Peraza, Jose,606299,2018,24,632,182,133,31,4,14,75,29,11,4.2,.288,.326,
Marte, Ketel,606466,2018,24,520,135,83,26,12,14,79,54,13.6,9.3,.260,.332,
Nimmo, Brandon,607043,2018,25,433,114,61,28,8,17,140,80,26.2,15,.263,.404,
Turner, Trea,607208,2018,25,664,180,128,27,6,19,132,69,17.8,9.3,.271,.344,
Pillar, Kevin,607680,2018,29,512,129,72,40,2,15,98,18,18.1,3.3,.252,.282,
Ramirez, Jose,608070,2018,25,578,156,75,38,4,39,80,106,11.5,15.2,.270,.387,
Bregman, Alex,608324,2018,24,594,170,87,51,1,31,85,96,12.1,13.6,.286,.394,
Gallo, Joey,608336,2018,24,500,103,38,24,1,40,207,74,35.9,12.8,.206,.312,
Mazara, Nomar,608577,2018,23,489,126,80,25,1,20,116,40,21.6,7.5,.258,.317,
Andujar, Miguel,609280,2018,23,573,170,94,47,2,27,97,25,16,4.1,.297,.328,
Swanson, Dansby,621020,2018,24,478,114,71,25,4,14,122,44,22.9,8.3,.238,.304,
Taylor, Chris,621035,2018,27,536,136,76,35,8,17,178,55,29.5,9.1,.254,.331,
Wendle, Joey,621563,2018,28,487,146,100,33,6,7,96,37,17.6,6.8,.300,.354,
Olson, Matt,621566,2018,24,580,143,81,33,0,29,163,70,24.7,10.6,.247,.335,
Duffy, Matt,622110,2018,27,503,148,121,22,1,4,93,47,16.6,8.4,.294,.361,
Margot, Manuel,622534,2018,23,477,117,75,26,8,8,88,32,17,6.2,.245,.292,
Camargo, Johan,622666,2018,24,464,126,79,27,1,19,108,51,20.6,9.7,.272,.349,
Conforto, Michael,624424,2018,25,543,132,78,25,1,28,159,84,24.9,13.2,.243,.350,
Anderson, Tim,641313,2018,25,567,136,85,28,3,20,149,30,24.6,5,.240,.281,
Bellinger, Cody,641355,2018,22,557,145,85,28,7,25,151,69,23.9,10.9,.260,.343,
Mancini III, Trey,641820,2018,26,582,141,91,23,3,24,153,44,24.1,6.9,.242,.299,
Rosario, Amed,642708,2018,22,554,142,99,26,8,9,119,29,20.1,4.9,.256,.295,
Benintendi, Andrew,643217,2018,23,579,168,105,41,6,16,106,71,16,10.7,.290,.366,
Albies, Ozzie,645277,2018,21,639,167,98,40,5,24,116,36,17,5.3,.261,.305,
Chapman, Matt,656305,2018,25,547,152,80,42,6,24,146,58,23.7,9.4,.278,.356,
Hoskins, Rhys,656555,2018,25,558,137,65,38,0,34,150,87,22.7,13.2,.246,.354,
Schwarber, Kyle,656941,2018,25,428,102,59,14,3,26,140,78,27.5,15.3,.238,.356,
Moncada, Yoan,660162,2018,23,578,136,81,32,6,17,217,67,33.4,10.3,.235,.315,
Pujols, Albert,405395,2019,39,491,120,75,22,0,23,68,43,12.5,7.9,.244,.305,
Cabrera, Miguel,408234,2019,36,493,139,106,21,0,12,108,48,19.7,8.7,.282,.346,
Choo, Shin-Soo,425783,2019,36,563,149,92,31,2,24,165,78,25,11.8,.265,.371,
Jones, Adam,430945,2019,33,485,126,84,25,1,16,101,31,19.1,5.9,.260,.313,
Cruz Jr., Nelson,443558,2019,38,454,141,74,26,0,41,131,56,25.1,10.7,.311,.392,
Longoria, Evan,446334,2019,33,453,115,74,19,2,20,112,43,22,8.5,.254,.325,
Fowler, Dexter,451594,2019,33,487,116,72,24,1,19,142,74,24.7,12.9,.238,.346,
Cabrera, Asdrubal,452678,2019,33,447,116,72,25,1,18,103,57,20,11.1,.260,.342,
Blackmon, Charlie,453568,2019,32,580,182,101,42,7,32,104,40,16.4,6.3,.314,.364,
Cain, Lorenzo,456715,2019,33,562,146,105,30,0,11,106,50,17,8,.260,.325,
Turner, Justin,457759,2019,34,479,139,88,24,0,27,88,51,16,9.3,.290,.372,
Votto, Joey,458015,2019,35,525,137,89,32,1,15,123,76,20.2,12.5,.261,.357,
Gardner, Brett,458731,2019,35,491,123,62,26,7,28,108,52,19.6,9.5,.251,.325,
Braun, Ryan,460075,2019,35,459,131,76,31,2,22,105,34,20.7,6.7,.285,.343,
Gordon, Alex,460086,2019,35,556,148,103,31,1,13,100,51,15.8,8.1,.266,.345,
Andrus, Elvis,462101,2019,30,600,165,122,27,4,12,96,34,14.8,5.2,.275,.313,
Ramos, Wilson,467092,2019,31,473,136,103,19,0,14,69,44,13.2,8.4,.288,.351,
Santana, Carlos,467793,2019,33,573,161,96,30,1,34,108,108,15.7,15.7,.281,.397,
Belt, Brandon,474832,2019,31,526,123,71,32,3,17,127,83,20.6,13.5,.234,.339,
Brantley Jr., Michael,488726,2019,32,575,179,115,40,2,22,66,51,10.4,8,.311,.372,
Gurriel, Yuli,493329,2019,35,564,168,95,40,2,31,65,37,10.6,6,.298,.343,
Rojas, Miguel,500743,2019,30,483,137,102,29,1,5,62,32,11.8,6.1,.284,.331,
Escobar, Eduardo,500871,2019,30,636,171,97,29,10,35,130,50,18.6,7.2,.269,.320,
Davis, Khris,501981,2019,31,481,106,72,11,0,23,146,47,27.4,8.8,.220,.293,
Pham, Tommy,502054,2019,31,567,155,99,33,2,21,123,81,18.8,12.4,.273,.369,
Martinez, J.D.,502110,2019,31,575,175,104,33,2,36,138,72,21,11,.304,.383,
Reddick, Josh,502210,2019,32,501,138,102,19,3,14,66,36,12,6.5,.275,.319,
Goldschmidt, Paul,502671,2019,31,597,155,95,25,1,34,166,78,24.3,11.4,.260,.346,
Altuve, Jose,514888,2019,29,500,149,88,27,3,31,82,41,15,7.5,.298,.353,
Hernandez, Cesar,514917,2019,29,612,171,123,31,3,14,100,45,15,6.7,.279,.333,
Segura, Jean,516416,2019,29,576,161,108,37,4,12,73,30,11.8,4.9,.280,.323,
Castro, Starlin,516770,2019,29,636,172,115,31,4,22,111,28,16.4,4.1,.270,.300,
Marte, Starling,516782,2019,30,539,159,99,31,6,23,94,25,16,4.3,.295,.342,
Donaldson, Josh,518626,2019,33,549,142,72,33,0,37,155,100,23.5,15.2,.259,.379,
Freeman, Freddie,518692,2019,29,597,176,102,34,2,38,127,87,18.4,12.6,.295,.389,
Grandal, Yasmani,518735,2019,30,513,126,70,26,2,28,139,109,22,17.2,.246,.380,
Heyward, Jason,518792,2019,29,513,129,84,20,4,21,110,68,18.7,11.5,.251,.343,
LeMahieu, DJ,518934,2019,30,602,197,136,33,2,26,90,46,13.7,7,.327,.375,
Moustakas, Mike,519058,2019,30,523,133,67,30,1,35,98,53,16.8,9.1,.254,.329,
Rizzo, Anthony,519203,2019,29,512,150,91,29,3,27,86,71,14,11.6,.293,.405,
Galvis, Freddy,520471,2019,29,557,145,93,28,1,23,145,28,24.6,4.8,.260,.296,
Garcia, Avisail,541645,2019,28,489,138,91,25,2,20,125,31,23.6,5.8,.282,.332,
Ozuna, Marcell,542303,2019,28,485,117,64,23,1,29,114,62,20.8,11.3,.241,.328,
Villar, Jonathan,542340,2019,28,642,176,114,33,5,24,176,61,24.6,8.5,.274,.339,
Santana, Danny,542454,2019,28,474,134,77,23,6,28,151,25,29.5,4.9,.283,.324,
Crawford, Brandon,543063,2019,32,500,114,77,24,2,11,117,53,20.9,9.5,.228,.304,
Hosmer, Eric,543333,2019,29,619,164,111,29,2,22,163,40,24.4,6,.265,.310,
Kipnis, Jason,543401,2019,32,458,112,71,23,1,17,88,40,17.2,7.8,.245,.304,
Rendon, Anthony,543685,2019,29,545,174,93,44,3,34,86,80,13.3,12.4,.319,.412,
Semien, Marcus,543760,2019,28,657,187,104,43,7,33,102,87,13.7,11.6,.285,.369,
Springer III, George,543807,2019,29,479,140,78,20,3,39,113,67,20.3,12.1,.292,.383,
Vazquez, Christian,543877,2019,28,482,133,83,26,1,23,101,33,19.4,6.3,.276,.320,
Wong, Kolten,543939,2019,28,478,136,96,25,4,11,83,47,15.1,8.6,.285,.361,
Garcia, Leury,544725,2019,28,577,161,123,27,3,8,139,21,22.5,3.4,.279,.310,
Grichuk, Randal,545341,2019,27,586,136,71,29,5,31,163,35,26,5.6,.232,.280,
Trout, Mike,545361,2019,27,470,137,63,27,2,45,120,110,20,18.3,.291,.438,
Harper, Bryce,547180,2019,26,573,149,77,36,1,35,178,99,26.1,14.5,.260,.372,
Abreu, Jose,547989,2019,32,634,180,108,38,1,33,152,36,21.9,5.2,.284,.330,
Suarez, Eugenio,553993,2019,27,575,156,83,22,2,49,189,70,28.5,10.6,.271,.358,
Santana, Domingo,570267,2019,26,451,114,72,20,1,21,164,50,32.3,9.9,.253,.329,
Sanchez, Yolmer,570560,2019,27,496,125,99,20,4,2,117,44,21.1,7.9,.252,.318,
Arenado, Nolan,571448,2019,28,588,185,111,31,2,41,93,62,14,9.4,.315,.379,
Muncy, Max,571970,2019,28,487,122,64,22,1,35,149,90,25.3,15.3,.251,.374,
Voit III, Luke,572228,2019,28,429,113,70,21,1,21,142,71,27.8,13.9,.263,.378,
Walker, Christian,572233,2019,28,529,137,81,26,1,29,155,67,25.7,11.1,.259,.348,
Iglesias, Jose,578428,2019,29,504,145,110,21,3,11,70,20,13.2,3.8,.288,.318,
Bryant, Kris,592178,2019,27,543,153,86,35,1,31,145,74,22.9,11.7,.282,.382,
Castellanos, Nick,592206,2019,27,615,178,90,58,3,27,143,41,21.5,6.2,.289,.337,
Machado, Manny,592518,2019,26,587,150,95,21,2,32,128,65,19.4,9.8,.256,.334,
Moran, Colin,592567,2019,26,466,129,85,30,1,13,117,30,23.3,6,.277,.322,
Pederson, Joc,592626,2019,27,450,112,57,16,3,36,111,50,21.6,9.7,.249,.339,
Realmuto, J.T.,592663,2019,28,538,148,84,36,3,25,123,41,20.7,6.9,.275,.328,
Rosario, Eddie,592696,2019,27,562,155,94,28,1,32,86,22,14.6,3.7,.276,.300,
Yelich, Christian,592885,2019,27,489,161,85,29,3,44,118,80,20.3,13.8,.329,.429,
Merrifield, Whit,593160,2019,30,681,206,139,41,10,16,126,45,17.1,6.1,.302,.348,
Bogaerts, Xander,593428,2019,26,614,190,105,52,0,33,122,76,17.5,10.9,.309,.384,
Alberto, Hanser,593643,2019,26,524,160,125,21,2,12,50,16,9.1,2.9,.305,.329,
Polanco, Jorge,593871,2019,25,631,186,117,40,7,22,116,60,16.5,8.5,.295,.356,
Calhoun, Kole,594777,2019,31,552,128,65,29,1,33,162,70,25.6,11.1,.232,.325,
Eaton, Adam,594809,2019,30,566,158,111,25,7,15,106,65,16.2,9.9,.279,.365,
Profar, Jurickson,595777,2019,26,459,100,54,24,2,20,75,48,14.5,9.3,.218,.301,
Baez, Javier,595879,2019,26,531,149,78,38,4,29,156,28,27.8,5,.281,.316,
Lindor, Francisco,596019,2019,25,598,170,96,40,2,32,98,46,15,7,.284,.335,
Odor, Rougned,596059,2019,25,522,107,46,30,1,30,178,52,30.6,9,.205,.283,
Story, Trevor,596115,2019,26,588,173,95,38,5,35,174,58,26.5,8.8,.294,.363,
Vogelbach, Daniel,596129,2019,26,462,96,49,17,0,30,149,92,26.7,16.5,.208,.341,
Kepler, Max,596146,2019,26,524,132,64,32,0,36,99,60,16.6,10.1,.252,.336,
Bradley Jr., Jackie,598265,2019,29,494,111,59,28,3,21,155,56,27.3,9.9,.225,.317,
Nunez, Renato,600524,2019,25,541,132,77,24,0,31,143,44,23.9,7.3,.244,.311,
Ahmed, Nick,605113,2019,29,556,141,83,33,6,19,113,52,18.1,8.3,.254,.316,
Anderson, Brian,605119,2019,26,459,120,66,33,1,20,114,44,21.9,8.5,.261,.342,
Bell, Josh,605137,2019,26,527,146,69,37,3,37,118,74,19.2,12.1,.277,.367,
Betts, Mookie,605141,2019,26,597,176,102,40,5,29,101,97,14.3,13.7,.295,.391,
Smith, Mallex,605480,2019,26,510,116,82,19,9,6,141,42,24.9,7.4,.227,.300,
Arcia, Orlando,606115,2019,24,494,110,78,16,1,15,109,43,20,7.9,.223,.283,
Marte, Ketel,606466,2019,25,569,187,110,36,9,32,86,53,13.7,8.4,.329,.389,
Turner, Trea,607208,2019,26,521,155,94,37,5,19,113,43,19.9,7.6,.298,.353,
Pillar, Kevin,607680,2019,30,611,158,97,37,3,21,89,18,13.8,2.8,.259,.287,
Ramirez, Jose,608070,2019,26,482,123,64,33,3,23,74,52,13.7,9.6,.255,.327,
Bregman, Alex,608324,2019,25,554,164,84,37,2,41,83,119,12,17.2,.296,.423,
Seager, Corey,608369,2019,25,489,133,69,44,1,19,98,44,18.1,8.1,.272,.335,
Reyes, Franmil,614177,2019,23,494,123,67,19,0,37,156,47,28.5,8.6,.249,.310,
Swanson, Dansby,621020,2019,25,483,121,75,26,3,17,124,51,22.8,9.4,.251,.325,
Newman, Kevin,621028,2019,25,493,152,114,20,6,12,62,28,11.7,5.3,.308,.353,
Olson, Matt,621566,2019,25,483,129,67,26,0,36,138,51,25.2,9.3,.267,.351,
Alonso, Pete,624413,2019,24,597,155,70,30,2,53,183,72,26.4,10.4,.260,.358,
Conforto, Michael,624424,2019,26,549,141,78,29,1,33,149,84,23,13,.257,.363,
Frazier, Adam,624428,2019,27,554,154,104,33,7,10,75,40,12.3,6.6,.278,.336,
Puig, Yasiel,624577,2019,28,555,148,92,30,2,24,133,44,21.8,7.2,.267,.327,
Soler, Jorge,624585,2019,27,589,156,74,33,1,48,178,73,26.2,10.8,.265,.354,
Meadows, Austin,640457,2019,24,530,154,85,29,7,33,131,54,22.2,9.1,.291,.364,
Anderson, Tim,641313,2019,26,498,167,117,32,0,18,109,15,21,2.9,.335,.357,
Bellinger, Cody,641355,2019,23,558,170,86,34,3,47,108,95,16.3,14.4,.305,.406,
Dozier, Hunter,641531,2019,27,523,146,81,29,10,26,148,55,25.3,9.4,.279,.348,
Mancini III, Trey,641820,2019,27,602,175,100,38,2,35,143,63,21.1,9.3,.291,.364,
McMahon, Ryan,641857,2019,24,480,120,73,22,1,24,160,56,29.7,10.4,.250,.329,
Rosario, Amed,642708,2019,23,616,177,125,30,7,15,124,31,18.9,4.7,.287,.323,
Adames, Willy,642715,2019,23,531,135,89,25,1,20,153,46,26.2,7.9,.254,.317,
Benintendi, Andrew,643217,2019,24,541,144,86,40,5,13,140,59,22.8,9.6,.266,.343,
McNeil, Jeff,643446,2019,27,510,162,100,38,1,23,75,35,13.2,6.2,.318,.384,
Albies, Ozzie,645277,2019,22,640,189,114,43,8,24,112,54,16,7.7,.295,.352,
Robles, Victor,645302,2019,22,546,139,86,33,3,17,140,35,22.7,5.7,.255,.326,
Devers, Rafael,646240,2019,22,647,201,111,54,4,32,119,48,17,6.8,.311,.361,
Jimenez, Eloy,650391,2019,22,468,125,74,18,2,31,134,30,26.6,6,.267,.315,
Torres, Gleyber,650402,2019,22,546,152,88,26,0,38,129,48,21.4,7.9,.278,.337,
Chapman, Matt,656305,2019,26,583,145,70,36,3,36,147,73,21.9,10.9,.249,.342,
Hoskins, Rhys,656555,2019,26,570,129,62,33,5,29,173,116,24.5,16.5,.226,.364,
Schwarber, Kyle,656941,2019,26,529,132,62,29,3,38,156,70,25.6,11.5,.250,.339,
DeJong, Paul,657557,2019,25,583,136,74,31,1,30,149,62,22.4,9.3,.233,.318,
Moncada, Yoan,660162,2019,24,511,161,97,34,5,25,154,40,27.5,7.2,.315,.367,
Acuna Jr., Ronald,660670,2019,21,626,175,110,22,2,41,188,76,26.3,10.6,.280,.365,
Fletcher, David,664058,2019,25,596,173,133,30,4,6,64,55,9.8,8.4,.290,.350,
Guerrero Jr., Vladimir,665489,2019,20,464,126,83,26,2,15,91,46,17.7,8.9,.272,.339,
Soto, Juan,665742,2019,20,542,153,82,32,5,34,132,108,20,16.4,.282,.401,
Reynolds, Bryan,668804,2019,24,491,154,97,37,4,16,121,46,22.2,8.4,.314,.377,
Cabrera, Miguel,408234,2020,37,204,51,37,4,0,10,51,24,22.1,10.4,.250,.329,
Cruz Jr., Nelson,443558,2020,39,185,56,34,6,0,16,58,25,27.1,11.7,.303,.397,
Peralta, David,444482,2020,32,203,61,45,10,1,5,45,13,20.6,6,.300,.339,
Longoria, Evan,446334,2020,34,193,49,31,10,1,7,39,11,18.7,5.3,.254,.297,
Cabrera, Asdrubal,452678,2020,34,190,46,26,9,3,8,40,19,18.8,8.9,.242,.305,
Blackmon, Charlie,453568,2020,33,221,67,48,12,1,6,44,19,17.8,7.7,.303,.356,
Solano, Donovan,456781,2020,32,190,62,43,15,1,3,39,10,19.2,4.9,.326,.365,
McCutchen, Andrew,457705,2020,33,217,55,36,9,0,10,48,22,19.9,9.1,.253,.324,
Votto, Joey,458015,2020,36,186,42,23,8,0,11,43,37,19.3,16.6,.226,.354,
Santana, Carlos,467793,2020,34,206,41,26,7,0,8,43,47,16.9,18.4,.199,.349,
Brantley Jr., Michael,488726,2020,33,170,51,31,15,0,5,28,17,15,9.1,.300,.364,
Gurriel, Yuli,493329,2020,36,211,49,30,12,1,6,27,12,11.7,5.2,.232,.274,
Escobar, Eduardo,500871,2020,31,203,43,29,7,3,4,41,15,18.5,6.8,.212,.270,
Martinez, J.D.,502110,2020,32,211,45,22,16,0,7,59,22,24.9,9.3,.213,.291,
Reddick, Josh,502210,2020,33,188,46,30,11,1,4,42,20,20,9.5,.245,.316,
Goldschmidt, Paul,502671,2020,32,191,58,39,13,0,6,43,37,18.6,16,.304,.417,
Gonzalez, Marwin,503556,2020,31,175,37,28,4,0,5,41,17,20.6,8.5,.211,.286,
Altuve, Jose,514888,2020,30,192,42,28,9,0,5,39,17,18.6,8.1,.219,.286,
Hernandez, Cesar,514917,2020,30,233,66,43,20,0,3,57,24,21.8,9.2,.283,.355,
Segura, Jean,516416,2020,30,192,51,37,5,2,7,45,23,20.7,10.6,.266,.347,
Marte, Starling,516782,2020,31,228,64,43,14,1,6,41,12,16.4,4.8,.281,.340,
Freeman, Freddie,518692,2020,30,214,73,36,23,1,13,37,45,14.1,17.2,.341,.462,
Grandal, Yasmani,518735,2020,31,161,37,22,7,0,8,58,30,29.9,15.5,.230,.351,
LeMahieu, DJ,518934,2020,31,195,71,49,10,2,10,21,18,9.7,8.3,.364,.421,
Rizzo, Anthony,519203,2020,30,203,45,28,6,0,11,38,28,15.6,11.5,.222,.342,
Flores, Wilmer,527038,2020,28,198,53,29,11,1,12,36,13,16.9,6.1,.268,.315,
Garcia, Avisail,541645,2020,29,181,43,31,10,0,2,49,20,23.7,9.7,.238,.333,
Ozuna, Marcell,542303,2020,29,228,77,45,14,0,18,60,38,22.5,14.2,.338,.431,
Villar, Jonathan,542340,2020,29,185,43,36,5,0,2,54,19,26.1,9.2,.232,.301,
Aguilar, Jesus,542583,2020,30,188,52,34,10,0,8,40,23,18.5,10.6,.277,.352,
Crawford, Brandon,543063,2020,33,172,44,24,12,0,8,47,15,24.4,7.8,.256,.326,
Grossman, Robbie,543257,2020,30,166,40,18,12,2,8,38,21,19.8,10.9,.241,.344,
Hicks, Aaron,543305,2020,30,169,38,20,10,2,6,38,41,18,19.4,.225,.379,
Rendon, Anthony,543685,2020,30,189,54,33,11,1,9,31,38,13.4,16.4,.286,.418,
Semien, Marcus,543760,2020,29,211,47,30,9,1,7,50,25,21.2,10.6,.223,.305,
Springer III, George,543807,2020,30,189,50,28,6,2,14,38,24,17.1,10.8,.265,.359,
Vazquez, Christian,543877,2020,29,173,49,33,9,0,7,43,16,22.8,8.5,.283,.344,
Wong, Kolten,543939,2020,29,181,48,41,4,2,1,30,20,14.4,9.6,.265,.350,
Gregorius, Didi,544369,2020,30,215,61,39,10,2,10,28,15,11.8,6.3,.284,.339,
Grichuk, Randal,545341,2020,28,216,59,38,9,0,12,49,13,21.2,5.6,.273,.312,
Trout, Mike,545361,2020,28,199,56,28,9,2,17,56,35,23.2,14.5,.281,.390,
Ruiz, Rio,547004,2020,26,185,41,21,11,0,9,46,17,22.5,8.3,.222,.286,
Harper, Bryce,547180,2020,27,190,51,27,9,2,13,43,49,17.6,20.1,.268,.420,
Abreu, Jose,547989,2020,33,240,76,42,15,0,19,59,18,22.5,6.9,.317,.370,
Suarez, Eugenio,553993,2020,28,198,40,17,8,0,15,67,30,29,13,.202,.312,
Gonzalez, Erik,570481,2020,28,181,41,24,13,1,3,51,8,26.4,4.1,.227,.255,
Arenado, Nolan,571448,2020,29,182,46,29,9,0,8,20,15,10,7.5,.253,.303,
Muncy, Max,571970,2020,29,203,39,23,4,0,12,60,39,24.2,15.7,.192,.331,
Myers, Wil,571976,2020,29,198,57,26,14,2,15,56,18,25.7,8.3,.288,.353,
Pollock, AJ,572041,2020,32,196,54,29,9,0,16,45,12,21.4,5.7,.276,.314,
Seager, Kyle,572122,2020,32,203,49,28,12,0,9,33,32,13.3,12.9,.241,.355,
Voit III, Luke,572228,2020,29,213,59,32,5,0,22,54,17,23.1,7.3,.277,.338,
Walker, Christian,572233,2020,29,218,59,33,18,1,7,50,19,20.6,7.8,.271,.333,
Dickerson, Corey,572816,2020,31,194,50,37,5,1,7,35,15,16.7,7.1,.258,.311,
Yastrzemski, Mike,573262,2020,29,192,57,29,14,4,10,55,30,24.4,13.3,.297,.400,
Contreras, Willson,575929,2020,28,189,46,29,10,0,7,57,20,25.3,8.9,.243,.356,
Canha, Mark,592192,2020,31,191,47,28,12,2,5,54,37,22.2,15.2,.246,.387,
Castellanos, Nick,592206,2020,28,218,49,22,11,2,14,69,19,28.5,7.9,.225,.298,
Machado, Manny,592518,2020,27,224,68,39,12,1,16,37,26,14.6,10.2,.304,.370,
Moran, Colin,592567,2020,27,178,44,24,10,0,10,52,19,26,9.5,.247,.325,
Realmuto, J.T.,592663,2020,29,173,46,29,6,0,11,48,16,24.6,8.2,.266,.349,
Rosario, Eddie,592696,2020,28,210,54,34,7,0,13,34,19,14.7,8.2,.257,.316,
Yelich, Christian,592885,2020,28,200,41,21,7,1,12,76,46,30.8,18.6,.205,.356,
Merrifield, Whit,593160,2020,31,248,70,49,12,0,9,33,12,12.5,4.5,.282,.325,
Bogaerts, Xander,593428,2020,27,203,61,42,8,0,11,41,21,18.2,9.3,.300,.364,
Alberto, Hanser,593643,2020,27,219,62,44,15,0,3,30,5,13,2.2,.283,.306,
Polanco, Jorge,593871,2020,26,209,54,42,8,0,4,35,13,15.5,5.8,.258,.304,
Sano, Miguel,593934,2020,27,186,38,13,12,0,13,90,18,43.9,8.8,.204,.278,
Calhoun, Kole,594777,2020,32,190,43,18,9,0,16,50,28,21.9,12.3,.226,.338,
Duvall, Adam,594807,2020,31,190,45,21,8,0,16,54,15,25.8,7.2,.237,.301,
Profar, Jurickson,595777,2020,27,180,50,37,6,0,7,28,15,13.9,7.4,.278,.343,
Baez, Javier,595879,2020,27,222,45,27,9,1,8,75,7,31.9,3,.203,.238,
Lindor, Francisco,596019,2020,26,236,61,40,13,0,8,41,24,15.4,9,.258,.335,
Story, Trevor,596115,2020,27,235,68,40,13,4,11,63,24,24.3,9.3,.289,.355,
Kepler, Max,596146,2020,27,171,39,21,9,0,9,36,22,18.4,11.2,.228,.321,
Franco, Maikel,596748,2020,27,223,62,38,16,0,8,38,16,15.6,6.6,.278,.321,
Bradley Jr., Jackie,598265,2020,30,191,54,36,11,0,7,48,23,22.1,10.6,.283,.364,
La Stella, Tommy,600303,2020,31,196,55,34,14,2,5,12,27,5.3,11.8,.281,.370,
Nunez, Renato,600524,2020,26,195,50,28,10,0,12,64,17,29.6,7.9,.256,.324,
Candelario, Jeimer,600869,2020,26,185,55,34,11,3,7,49,20,23.8,9.7,.297,.369,
Ahmed, Nick,605113,2020,30,199,53,37,10,1,5,46,18,21.2,8.3,.266,.327,
Anderson, Brian,605119,2020,27,200,51,32,7,1,11,66,22,28.8,9.6,.255,.345,
Bell, Josh,605137,2020,27,195,44,33,3,0,8,59,22,26.5,9.9,.226,.305,
Betts, Mookie,605141,2020,27,219,64,38,9,1,16,38,24,15.4,9.8,.292,.366,
Davis, J.D.,605204,2020,27,190,47,32,9,0,6,56,31,24.5,13.5,.247,.371,
Arcia, Orlando,606115,2020,25,173,45,29,10,1,5,32,14,16.9,7.4,.260,.317,
Tapia, Raimel,606132,2020,26,184,59,48,8,2,1,38,14,18.4,6.8,.321,.369,
Hernandez, Teoscar,606192,2020,27,190,55,32,7,0,16,63,14,30.4,6.8,.289,.340,
Marte, Ketel,606466,2020,26,181,52,35,14,1,2,21,7,10.8,3.6,.287,.323,
Nimmo, Brandon,607043,2020,27,186,52,33,8,3,8,43,33,19.1,14.7,.280,.404,
Turner, Trea,607208,2020,27,233,78,47,15,4,12,36,22,13.9,8.5,.335,.394,
Pillar, Kevin,607680,2020,31,208,60,39,12,3,6,41,13,18.4,5.8,.288,.336,
Ramirez, Jose,608070,2020,27,219,64,30,16,1,17,43,31,16.9,12.2,.292,.386,
Gallo, Joey,608336,2020,26,193,35,17,8,0,10,79,29,35,12.8,.181,.301,
Seager, Corey,608369,2020,26,212,65,37,12,1,15,37,17,15.9,7.3,.307,.358,
Mondesi, Adalberto,609275,2020,24,219,56,36,11,3,6,70,11,30,4.7,.256,.294,
Reyes, Franmil,614177,2020,24,211,58,39,10,0,9,69,24,28.6,10,.275,.344,
Swanson, Dansby,621020,2020,26,237,65,40,15,0,10,71,22,26.9,8.3,.274,.345,
Taylor, Chris,621035,2020,29,185,50,30,10,2,8,55,26,25.7,12.1,.270,.366,
Correa, Carlos,621043,2020,25,201,53,39,9,0,5,49,16,22.2,7.2,.264,.326,
Olson, Matt,621566,2020,26,210,41,22,4,1,14,77,34,31.4,13.9,.195,.310,
Reyes, Victor,622682,2020,25,202,56,43,7,2,4,45,9,21.1,4.2,.277,.315,
Alonso, Pete,624413,2020,25,208,48,26,6,0,16,61,24,25.5,10,.231,.326,
Biggio, Cavan,624415,2020,25,220,55,31,16,0,8,61,41,23,15.5,.250,.375,
Conforto, Michael,624424,2020,27,202,65,44,12,0,9,57,24,24.5,10.3,.322,.412,
Frazier, Adam,624428,2020,28,209,48,34,7,0,7,35,17,15.2,7.4,.230,.297,
Cronenworth, Jake,630105,2020,26,172,49,27,15,3,4,30,18,15.6,9.4,.285,.354,
Anderson, Tim,641313,2020,27,208,67,45,11,1,10,50,10,22.6,4.5,.322,.357,
Bellinger, Cody,641355,2020,24,213,51,29,10,0,12,42,30,17.3,12.3,.239,.333,
Crawford, J.P.,641487,2020,25,204,52,41,7,2,2,39,23,16.8,9.9,.255,.336,
Dozier, Hunter,641531,2020,28,158,36,24,4,2,6,48,27,25.8,14.5,.228,.344,
Lewis, Kyle,641786,2020,24,206,54,40,3,0,11,71,34,29.3,14,.262,.364,
McMahon, Ryan,641857,2020,25,172,37,21,6,1,9,66,18,34.2,9.3,.215,.295,
Smith, Dominic,642086,2020,25,177,56,24,21,1,10,45,14,22.6,7,.316,.377,
Adames, Willy,642715,2020,24,185,48,24,15,1,8,74,20,36.1,9.8,.259,.332,
Kiner-Falefa, Isiah,643396,2020,25,211,59,49,4,3,3,32,14,14,6.1,.280,.329,
McNeil, Jeff,643446,2020,28,183,57,39,14,0,4,24,20,11.5,9.6,.311,.383,
Robles, Victor,645302,2020,23,168,37,28,5,1,3,53,9,28,4.8,.220,.293,
Devers, Rafael,646240,2020,23,232,61,33,16,1,11,67,13,27,5.2,.263,.310,
Jimenez, Eloy,650391,2020,23,213,63,35,14,0,14,56,12,24.8,5.3,.296,.332,
Schwarber, Kyle,656941,2020,27,191,36,19,6,0,11,66,30,29.5,13.4,.188,.308,
Verdugo, Alex,657077,2020,24,201,62,40,16,0,6,45,17,20.4,7.7,.308,.367,
White, Evan,657108,2020,24,182,32,17,7,0,8,84,18,41.6,8.9,.176,.252,
Laureano, Ramon,657656,2020,25,183,39,24,8,1,6,58,24,26.1,10.8,.213,.338,
Moncada, Yoan,660162,2020,25,200,45,28,8,3,6,72,28,31.2,12.1,.225,.320,
Acuna Jr., Ronald,660670,2020,22,160,40,15,11,0,14,60,38,29.7,18.8,.250,.406,
Riley, Austin,663586,2020,23,188,45,29,7,1,8,49,16,23.8,7.8,.239,.301,
Tucker, Kyle,663656,2020,23,209,56,29,12,6,9,46,18,20.2,7.9,.268,.325,
Grisham, Trent,663757,2020,23,215,54,33,8,3,10,64,31,25.4,12.3,.251,.352,
Happ, Ian,664023,2020,25,198,51,27,11,1,12,63,30,27.3,13,.258,.361,
Lowe, Brandon,664040,2020,25,193,52,27,9,2,14,58,25,25.9,11.2,.269,.362,
Fletcher, David,664058,2020,26,207,66,50,13,0,3,25,20,10.9,8.7,.319,.376,
Tatis Jr., Fernando,665487,2020,21,224,62,32,11,2,17,61,27,23.7,10.5,.277,.366,
Guerrero Jr., Vladimir,665489,2020,21,221,58,34,13,2,9,38,20,15.6,8.2,.262,.329,
Soto, Juan,665742,2020,21,154,54,27,14,0,13,28,41,14.3,20.9,.351,.490,
Gurriel Jr., Lourdes,666971,2020,26,208,64,39,14,0,11,48,14,21.4,6.3,.308,.348,
Reynolds, Bryan,668804,2020,25,185,35,20,6,2,7,57,21,27.4,10.1,.189,.275,
Edman, Tommy,669242,2020,25,204,51,38,7,1,5,48,16,21.1,7,.250,.317,
Solak, Nick,669256,2020,25,209,56,44,10,0,2,42,18,18,7.7,.268,.326,
Hiura, Keston,669374,2020,23,217,46,29,4,0,13,85,16,34.6,6.5,.212,.297,
Lopez, Nicky,670032,2020,25,169,34,25,8,0,1,41,18,21.4,9.4,.201,.286,
Robert Jr., Luis,673357,2020,22,202,47,28,8,0,11,73,20,32.2,8.8,.233,.302,
Cabrera, Miguel,408234,2021,38,472,121,90,16,0,15,118,40,22.4,7.6,.256,.316,
Cruz Jr., Nelson,443558,2021,40,513,136,82,21,1,32,126,51,21.6,8.7,.265,.334,
Peralta, David,444482,2021,33,487,126,80,30,8,8,92,46,17.1,8.6,.259,.325,
Blackmon, Charlie,453568,2021,34,514,139,97,25,4,13,91,54,15.6,9.3,.270,.351,
McCutchen, Andrew,457705,2021,34,482,107,55,24,1,27,132,81,23,14.1,.222,.334,
Turner, Justin,457759,2021,36,533,148,99,22,0,27,98,61,16,10,.278,.361,
Votto, Joey,458015,2021,37,448,119,59,23,1,36,127,77,23.8,14.4,.266,.375,
Andrus, Elvis,462101,2021,32,497,121,91,25,2,3,81,31,15,5.7,.243,.294,
Santana, Carlos,467793,2021,35,565,121,87,15,0,19,102,86,15.5,13.1,.214,.319,
Lowrie, Jed,476704,2021,37,457,112,70,28,0,14,108,49,21.1,9.6,.245,.318,
Brantley Jr., Michael,488726,2021,34,469,146,106,29,3,8,53,33,10.4,6.5,.311,.362,
Gurriel, Yuli,493329,2021,37,530,169,123,31,0,15,68,59,11.2,9.8,.319,.383,
Rojas, Miguel,500743,2021,32,495,131,89,30,3,9,74,37,13.7,6.9,.265,.322,
Escobar, Eduardo,500871,2021,32,549,139,80,26,5,28,124,48,20.7,8,.253,.314,
Pham, Tommy,502054,2021,33,475,109,68,24,2,15,128,78,22.8,13.9,.229,.340,
Martinez, J.D.,502110,2021,33,570,163,90,42,3,28,150,55,23.7,8.7,.286,.349,
Goldschmidt, Paul,502671,2021,33,603,177,108,36,2,31,136,67,20,9.9,.294,.365,
Altuve, Jose,514888,2021,31,601,167,103,32,1,31,91,66,13.4,9.7,.278,.350,
Hernandez, Cesar,514917,2021,31,570,132,88,21,2,21,135,59,21.2,9.3,.232,.308,
Segura, Jean,516416,2021,31,514,149,105,27,3,14,78,39,13.8,6.9,.290,.348,
Marte, Starling,516782,2021,32,467,145,103,27,3,12,99,43,18.8,8.2,.310,.383,
Donaldson, Josh,518626,2021,35,457,113,61,26,0,26,114,74,21,13.6,.247,.352,
Freeman, Freddie,518692,2021,31,600,180,122,25,2,31,107,85,15.4,12.2,.300,.393,
LeMahieu, DJ,518934,2021,32,597,160,125,24,1,10,94,73,13.8,10.8,.268,.349,
Rizzo, Anthony,519203,2021,31,496,123,75,23,3,22,87,52,15.1,9,.248,.344,
Stanton, Giancarlo,519317,2021,31,510,139,85,19,0,35,157,63,27.1,10.9,.273,.354,
Perez, Salvador,521692,2021,31,620,169,97,24,0,48,170,28,25.6,4.2,.273,.316,
Garcia, Avisail,541645,2021,30,461,121,74,18,0,29,121,38,23.5,7.4,.262,.330,
Villar, Jonathan,542340,2021,30,454,113,75,18,2,18,132,46,26.1,9.1,.249,.322,
Aguilar, Jesus,542583,2021,31,449,117,72,23,0,22,93,46,18.2,9,.261,.329,
Crawford, Brandon,543063,2021,34,483,144,87,30,3,24,105,56,19.1,10.2,.298,.373,
Cron, C.J.,543068,2021,31,470,132,72,31,1,28,117,60,21.4,11,.281,.375,
Grossman, Robbie,543257,2021,31,557,133,84,23,3,23,155,98,23.1,14.6,.239,.357,
Harrison, Josh,543281,2021,33,505,141,98,33,2,8,75,31,13.4,5.6,.279,.341,
Hosmer, Eric,543333,2021,31,509,137,97,28,0,12,99,48,17.5,8.5,.269,.337,
Semien, Marcus,543760,2021,30,652,173,87,39,2,45,146,66,20.2,9.1,.265,.334,
Grichuk, Randal,545341,2021,29,511,123,75,25,1,22,114,27,20.9,5,.241,.281,
Harper, Bryce,547180,2021,28,488,151,73,42,1,35,134,100,22.4,16.7,.309,.429,
Abreu, Jose,547989,2021,34,566,148,86,30,2,30,143,61,21.7,9.3,.261,.351,
Suarez, Eugenio,553993,2021,29,505,100,46,23,0,31,171,56,29.8,9.8,.198,.286,
Schoop, Jonathan,570731,2021,29,623,173,120,30,1,22,133,37,19.7,5.5,.278,.320,
Arenado, Nolan,571448,2021,30,593,151,80,34,3,34,96,50,14.7,7.7,.255,.312,
Farmer, Kyle,571657,2021,30,483,127,87,22,2,16,97,22,18.3,4.2,.263,.316,
Haniger, Mitch,571745,2021,30,620,157,93,23,2,39,169,54,24.5,7.8,.253,.318,
Hernandez, Enrique,571771,2021,29,508,127,69,35,3,20,110,61,18.8,10.4,.250,.337,
Muncy, Max,571970,2021,30,497,124,60,26,2,36,120,83,20.3,14,.249,.368,
Seager, Kyle,572122,2021,33,603,128,63,29,1,35,161,59,24,8.8,.212,.285,
Taylor, Michael A.,572191,2021,30,483,118,89,16,1,12,144,33,27.3,6.3,.244,.297,
Yastrzemski, Mike,573262,2021,30,468,105,49,28,3,25,131,51,24.6,9.6,.224,.311,
Iglesias, Jose,578428,2021,31,483,131,93,27,2,9,75,21,14.7,4.1,.271,.309,
Bryant, Kris,592178,2021,29,513,136,77,32,2,25,135,62,23,10.6,.265,.353,
Canha, Mark,592192,2021,32,519,120,77,22,4,17,128,77,20.5,12.3,.231,.358,
Castellanos, Nick,592206,2021,29,531,164,91,38,1,34,121,41,20.7,7,.309,.362,
Judge, Aaron,592450,2021,29,550,158,95,24,0,39,158,75,25,11.8,.287,.373,
Machado, Manny,592518,2021,28,564,157,96,31,2,28,102,63,15.9,9.8,.278,.347,
Realmuto, J.T.,592663,2021,30,476,125,79,25,4,17,129,48,24,8.9,.263,.343,
Renfroe, Hunter,592669,2021,29,521,135,71,33,0,31,130,44,22.7,7.7,.259,.315,
Merrifield, Whit,593160,2021,32,664,184,129,42,3,10,103,40,14.3,5.6,.277,.317,
Bogaerts, Xander,593428,2021,28,529,156,98,34,1,23,113,62,18.7,10.3,.295,.370,
Polanco, Jorge,593871,2021,27,588,158,88,35,2,33,118,45,18.3,7,.269,.323,
Sano, Miguel,593934,2021,28,470,105,51,24,0,30,183,59,34.4,11.1,.223,.312,
Duvall, Adam,594807,2021,32,513,117,60,17,2,38,174,35,31.4,6.3,.228,.281,
Baez, Javier,595879,2021,28,502,133,82,18,2,31,184,28,33.6,5.1,.265,.319,
Lindor, Francisco,596019,2021,27,452,104,65,16,3,20,96,58,18.3,11.1,.230,.322,
Story, Trevor,596115,2021,28,526,132,69,34,5,24,139,53,23.4,8.9,.251,.329,
Candelario, Jeimer,600869,2021,27,557,151,90,42,3,16,135,65,21.6,10.4,.271,.351,
Bell, Josh,605137,2021,28,498,130,78,24,1,27,101,65,17.8,11.4,.261,.347,
Betts, Mookie,605141,2021,28,466,123,68,29,3,23,86,68,15.6,12.4,.264,.367,
Tapia, Raimel,606132,2021,27,487,133,99,26,2,6,70,40,13.1,7.5,.273,.327,
Hernandez, Teoscar,606192,2021,28,550,163,102,29,0,32,148,36,24.9,6.1,.296,.346,
Turner, Trea,607208,2021,28,595,195,130,34,3,28,110,41,17,6.3,.328,.375,
Ramirez, Jose,608070,2021,28,552,147,74,32,5,36,87,72,13.7,11.3,.266,.355,
Gallo, Joey,608336,2021,27,498,99,47,13,1,38,213,111,34.6,18,.199,.351,
Swanson, Dansby,621020,2021,27,588,146,84,33,2,27,167,52,25.6,8,.248,.311,
Newman, Kevin,621028,2021,27,517,117,87,22,3,5,41,27,7.4,4.9,.226,.265,
Taylor, Chris,621035,2021,30,507,129,80,25,4,20,167,63,28.7,10.8,.254,.344,
Correa, Carlos,621043,2021,26,555,155,94,34,1,26,116,75,18.1,11.7,.279,.366,
Olson, Matt,621566,2021,27,565,153,79,35,0,39,113,88,16.8,13.1,.271,.371,
Alonso, Pete,624413,2021,26,561,147,80,27,3,37,127,60,19.9,9.4,.262,.344,
Frazier, Adam,624428,2021,29,577,176,130,36,5,5,69,48,10.8,7.5,.305,.368,
Soler, Jorge,624585,2021,29,516,115,61,27,0,27,142,67,23.6,11.1,.223,.316,
Cronenworth, Jake,630105,2021,27,567,151,90,33,7,21,90,55,14,8.6,.266,.340,
Meadows, Austin,640457,2021,26,518,121,62,29,3,27,122,59,20.6,10,.234,.315,
Anderson, Tim,641313,2021,28,527,163,115,29,2,17,119,22,21.6,4,.309,.338,
Crawford, J.P.,641487,2021,26,619,169,123,37,0,9,114,58,16.6,8.4,.273,.338,
Dozier, Hunter,641531,2021,29,487,105,56,27,6,16,154,43,28.4,7.9,.216,.285,
Mancini III, Trey,641820,2021,29,556,142,87,33,1,21,143,51,23.2,8.3,.255,.326,
McMahon, Ryan,641857,2021,26,528,134,78,32,1,23,147,59,24.7,9.9,.254,.331,
O'Neill, Tyler,641933,2021,26,482,138,76,26,2,34,168,38,31.3,7.1,.286,.352,
Rosario, Amed,642708,2021,25,550,155,113,25,6,11,120,31,20.4,5.3,.282,.321,
Adames, Willy,642715,2021,25,497,130,72,32,1,25,156,57,28.1,10.3,.262,.337,
Benintendi, Andrew,643217,2021,26,493,136,90,27,2,17,97,36,18,6.7,.276,.324,
Kiner-Falefa, Isiah,643396,2021,26,635,172,136,25,3,8,90,28,13.3,4.1,.271,.312,
Albies, Ozzie,645277,2021,24,629,163,86,40,7,30,128,47,18.7,6.9,.259,.310,
Devers, Rafael,646240,2021,24,591,165,89,37,1,38,143,62,21.5,9.3,.279,.352,
Urias, Luis,649966,2021,24,490,122,73,25,1,23,116,63,20.4,11.1,.249,.345,
Torres, Gleyber,650402,2021,24,459,119,88,22,0,9,104,50,20.2,9.7,.259,.331,
Diaz, Yandy,650490,2021,29,465,119,85,20,1,13,85,69,15.7,12.8,.256,.353,
Chapman, Matt,656305,2021,28,529,111,66,15,3,27,202,80,32.5,12.9,.210,.314,
Mullins II, Cedric,656775,2021,26,602,175,103,37,5,30,125,59,18.5,8.7,.291,.360,
Smith, Pavin,656976,2021,25,498,133,91,27,4,11,106,42,19.4,7.7,.267,.328,
Verdugo, Alex,657077,2021,25,544,157,110,32,2,13,96,51,15.9,8.4,.289,.351,
Moncada, Yoan,660162,2021,26,520,137,89,33,1,14,157,84,25.5,13.6,.263,.375,
Ohtani, Shohei,660271,2021,26,537,138,58,26,8,46,189,96,29.6,15,.257,.372,
Riley, Austin,663586,2021,24,590,179,112,33,1,33,168,52,25.4,7.9,.303,.367,
Mountcastle, Ryan,663624,2021,24,534,136,79,23,1,33,161,41,27.5,7,.255,.309,
Tucker, Kyle,663656,2021,24,506,149,79,37,3,30,90,53,15.9,9.3,.294,.359,
India, Jonathan,663697,2021,24,532,143,86,34,2,21,141,71,22.3,11.3,.269,.376,
Grisham, Trent,663757,2021,24,462,112,66,28,3,15,119,54,22.6,10.2,.242,.327,
Lowe, Nathaniel,663993,2021,25,557,147,102,24,3,18,162,80,25.2,12.5,.264,.357,
Happ, Ian,664023,2021,26,465,105,59,20,1,25,156,62,29.2,11.6,.226,.323,
France, Ty,664034,2021,26,571,166,115,32,1,18,106,46,16.3,7.1,.291,.368,
Lowe, Brandon,664040,2021,26,535,132,62,31,0,39,167,68,27.2,11.1,.247,.340,
Fletcher, David,664058,2021,27,626,164,132,27,3,2,60,31,9,4.7,.262,.297,
Straw, Myles,664702,2021,26,564,153,119,29,1,4,121,67,19,10.5,.271,.349,
Walsh, Jared,665120,2021,27,530,147,83,34,1,29,152,48,26,8.2,.277,.340,
Tatis Jr., Fernando,665487,2021,22,478,135,62,31,0,42,153,62,28,11.4,.282,.364,
Guerrero Jr., Vladimir,665489,2021,22,604,188,110,29,1,48,110,86,15.8,12.3,.311,.401,
Soto, Juan,665742,2021,22,502,157,106,20,2,29,93,145,14.2,22.2,.313,.465,
Chisholm Jr., Jazz,665862,2021,23,464,115,73,20,4,18,145,34,28.6,6.7,.248,.303,
Bichette, Bo,666182,2021,23,640,191,131,30,1,29,137,40,19.9,5.8,.298,.343,
Carlson, Dylan,666185,2021,22,542,144,91,31,4,18,152,57,24.6,9.2,.266,.343,
Garcia, Adolis,666969,2021,28,581,141,82,26,2,31,194,32,31.2,5.1,.243,.286,
Gurriel Jr., Lourdes,666971,2021,27,500,138,87,28,2,21,102,32,18.9,5.9,.276,.319,
Arozarena, Randy,668227,2021,26,529,145,90,32,3,20,170,56,28.1,9.3,.274,.356,
Reynolds, Bryan,668804,2021,26,559,169,102,35,8,24,119,75,18.4,11.6,.302,.390,
Rojas, Josh,668942,2021,27,484,128,82,32,3,11,137,58,24.9,10.5,.264,.341,
Edman, Tommy,669242,2021,26,641,168,113,41,3,11,95,38,13.7,5.5,.262,.308,
Solak, Nick,669256,2021,26,458,111,80,18,2,11,107,34,20.9,6.7,.242,.314,
Hays, Austin,669720,2021,25,488,125,73,26,4,22,107,28,20.2,5.3,.256,.308,
Lopez, Nicky,670032,2021,26,497,149,120,21,6,2,74,49,13.1,8.7,.300,.365,
Alvarez, Yordan,670541,2021,24,537,149,80,35,1,33,145,50,24.2,8.4,.277,.346,
Cruz Jr., Nelson,443558,2022,41,448,105,79,16,0,10,119,49,23.5,9.7,.234,.313,
Blackmon, Charlie,453568,2022,35,530,140,96,22,6,16,109,32,18.9,5.5,.264,.314,
McCutchen, Andrew,457705,2022,35,515,122,80,25,0,17,124,57,21.4,9.8,.237,.316,
Turner, Justin,457759,2022,37,468,130,81,36,0,13,89,50,16.7,9.4,.278,.350,
Andrus, Elvis,462101,2022,33,535,133,84,32,0,17,92,39,15.9,6.8,.249,.303,
Santana, Carlos,467793,2022,36,431,87,50,18,0,19,88,71,17.4,14,.202,.316,
Gurriel, Yuli,493329,2022,38,545,132,84,40,0,8,73,30,12.5,5.1,.242,.288,
Rojas, Miguel,500743,2022,33,471,111,84,19,2,6,61,26,12,5.1,.236,.283,
Escobar, Eduardo,500871,2022,33,495,119,69,26,4,20,129,40,23.8,7.4,.240,.295,
Pham, Tommy,502054,2022,34,554,131,90,23,1,17,167,56,26.8,9,.236,.312,
Martinez, J.D.,502110,2022,34,533,146,86,43,1,16,145,52,24.3,8.7,.274,.341,
Goldschmidt, Paul,502671,2022,34,561,178,102,41,0,35,141,79,21.7,12.1,.317,.404,
Altuve, Jose,514888,2022,32,527,158,91,39,0,28,87,66,14.4,10.9,.300,.387,
Hernandez, Cesar,514917,2022,32,560,139,106,28,4,1,114,45,18.5,7.3,.248,.311,
Marte, Starling,516782,2022,33,466,136,91,24,5,16,97,26,19.2,5.1,.292,.347,
Donaldson, Josh,518626,2022,36,478,106,63,28,0,15,148,54,27.1,9.9,.222,.308,
Freeman, Freddie,518692,2022,32,612,199,129,47,2,21,102,84,14.4,11.9,.325,.407,
LeMahieu, DJ,518934,2022,33,467,122,92,18,0,12,71,67,13.1,12.4,.261,.357,
Rizzo, Anthony,519203,2022,32,465,104,50,21,1,32,101,58,18.4,10.6,.224,.338,
Flores, Wilmer,527038,2022,30,525,120,72,28,1,19,103,59,17.1,9.8,.229,.316,
Ozuna, Marcell,542303,2022,31,470,106,64,19,0,23,122,31,24.1,6.1,.226,.274,
Aguilar, Jesus,542583,2022,32,464,109,74,19,0,16,119,28,23.5,5.5,.235,.281,
Cron, C.J.,543068,2022,32,575,148,88,28,3,29,164,43,25.9,6.8,.257,.315,
Semien, Marcus,543760,2022,31,657,163,101,31,5,26,120,53,16.6,7.3,.248,.304,
Springer III, George,543807,2022,32,513,137,86,22,4,25,100,54,17.2,9.3,.267,.342,
Grichuk, Randal,545341,2022,30,506,131,88,21,3,19,127,24,23.6,4.5,.259,.299,
Abreu, Jose,547989,2022,35,601,183,128,40,0,15,110,62,16.2,9.1,.304,.378,
Suarez, Eugenio,553993,2022,30,543,128,71,24,2,31,196,73,31.2,11.6,.236,.332,
Urshela, Gio,570482,2022,30,501,143,100,27,3,13,96,41,17.4,7.4,.285,.338,
Schoop, Jonathan,570731,2022,30,481,97,62,23,1,11,107,19,21,3.7,.202,.239,
Arenado, Nolan,571448,2022,31,557,163,90,42,1,30,72,52,11.6,8.4,.293,.358,
Farmer, Kyle,571657,2022,31,526,134,94,25,1,14,99,33,17,5.7,.255,.315,
Muncy, Max,571970,2022,31,464,91,47,22,1,21,141,90,25,15.9,.196,.329,
Pollock, AJ,572041,2022,34,489,120,79,26,1,14,98,32,18.6,6.1,.245,.292,
Voit III, Luke,572228,2022,31,500,113,69,22,0,22,179,55,31.5,9.7,.226,.308,
Walker, Christian,572233,2022,31,583,141,78,25,2,36,131,69,19.6,10.3,.242,.327,
Yastrzemski, Mike,573262,2022,31,485,104,54,31,2,17,141,61,25.3,10.9,.214,.305,
Canha, Mark,592192,2022,33,462,123,86,24,0,13,97,48,17.9,8.9,.266,.367,
Castellanos, Nick,592206,2022,30,524,138,98,27,0,13,130,29,23.3,5.2,.263,.305,
Drury, Brandon,592273,2022,29,518,136,75,31,2,28,126,38,22.2,6.7,.263,.320,
Judge, Aaron,592450,2022,30,570,177,87,28,0,62,175,111,25.1,15.9,.311,.425,
Machado, Manny,592518,2022,29,578,172,102,37,1,32,133,63,20.7,9.8,.298,.366,
Realmuto, J.T.,592663,2022,31,504,139,86,26,5,22,119,41,21.2,7.3,.276,.342,
Renfroe, Hunter,592669,2022,30,474,121,68,23,1,29,121,39,23.2,7.5,.255,.315,
Yelich, Christian,592885,2022,30,575,145,102,25,4,14,162,88,24.1,13.1,.252,.355,
Merrifield, Whit,593160,2022,33,504,126,86,28,1,11,85,38,15.5,6.9,.250,.298,
Bogaerts, Xander,593428,2022,29,557,171,118,38,0,15,118,57,18.7,9,.307,.377,
Profar, Jurickson,595777,2022,29,575,140,87,36,2,15,103,73,15.7,11.1,.243,.331,
Baez, Javier,595879,2022,29,555,132,84,27,4,17,147,26,24.9,4.4,.238,.278,
Lindor, Francisco,596019,2022,28,630,170,114,25,5,26,133,59,18.8,8.4,.270,.339,
Bell, Josh,605137,2022,29,552,147,98,29,3,17,102,81,15.8,12.5,.266,.362,
Betts, Mookie,605141,2022,29,572,154,76,40,3,35,104,55,16.3,8.6,.269,.340,
Hernandez, Teoscar,606192,2022,29,499,133,72,35,1,25,152,34,28.4,6.4,.267,.316,
Marte, Ketel,606466,2022,28,492,118,62,42,2,12,101,55,18.1,9.9,.240,.321,
Nimmo, Brandon,607043,2022,29,580,159,106,30,7,16,116,71,17.2,10.5,.274,.367,
Turner, Trea,607208,2022,29,652,194,130,39,4,21,131,45,18.5,6.4,.298,.343,
Ramirez, Jose,608070,2022,29,601,168,90,44,5,29,82,69,12,10.1,.280,.355,
Bregman, Alex,608324,2022,28,548,142,81,38,0,23,77,87,11.7,13.3,.259,.366,
Seager, Corey,608369,2022,28,593,145,87,24,1,33,103,58,15.5,8.7,.245,.317,
Winker, Jesse,608385,2022,28,456,100,71,15,0,14,103,84,18.8,15.4,.219,.344,
Swanson, Dansby,621020,2022,28,640,177,119,32,1,25,182,49,26.1,7,.277,.329,
Correa, Carlos,621043,2022,27,522,152,105,24,1,22,121,61,20.5,10.3,.291,.366,
Ward, Taylor,621493,2022,28,495,139,92,22,2,23,120,60,21.3,10.6,.281,.360,
Wisdom, Patrick,621550,2022,30,469,97,44,28,0,25,183,53,34.3,9.9,.207,.298,
Olson, Matt,621566,2022,28,616,148,70,44,0,34,170,75,24.3,10.7,.240,.325,
Mateo, Jorge,622761,2022,27,494,109,64,25,7,13,147,27,27.6,5.1,.221,.267,
Santander, Anthony,623993,2022,27,574,138,81,24,0,33,122,55,18.9,8.5,.240,.318,
Alonso, Pete,624413,2022,27,597,162,95,27,0,40,128,67,18.7,9.8,.271,.352,
Frazier, Adam,624428,2022,30,541,129,100,22,4,3,73,46,12.1,7.6,.238,.301,
Cronenworth, Jake,630105,2022,28,587,140,89,30,4,17,131,70,19.2,10.2,.239,.332,
Bellinger, Cody,641355,2022,26,504,106,57,27,3,19,150,38,27.3,6.9,.210,.265,
Crawford, J.P.,641487,2022,27,518,126,93,24,3,6,80,68,13.3,11.3,.243,.339,
Mancini III, Trey,641820,2022,30,519,124,82,23,1,18,135,53,23,9,.239,.319,
McMahon, Ryan,641857,2022,27,529,130,84,23,3,20,158,60,26.5,10.1,.246,.327,
Tellez, Rowdy,642133,2022,27,529,116,58,23,0,35,121,62,20.2,10.4,.219,.306,
Rosario, Amed,642708,2022,26,637,180,134,26,9,11,111,25,16.6,3.7,.283,.312,
Adames, Willy,642715,2022,26,563,134,72,31,0,31,166,49,26.9,7.9,.238,.298,
Estrada, Thairo,642731,2022,26,488,127,89,22,2,14,89,33,16.5,6.1,.260,.322,
Benintendi, Andrew,643217,2022,27,461,140,109,23,3,5,77,52,14.8,10,.304,.373,
Kemp, Tony,643393,2022,30,497,117,84,24,2,7,69,45,12.4,8.1,.235,.307,
Kiner-Falefa, Isiah,643396,2022,27,483,126,102,20,0,4,72,35,13.6,6.6,.261,.314,
McNeil, Jeff,643446,2022,30,533,174,125,39,1,9,61,40,10.4,6.8,.326,.382,
Devers, Rafael,646240,2022,25,555,164,94,42,1,27,114,50,18.6,8.1,.295,.358,
Arraez, Luis,650333,2022,25,547,173,133,31,1,8,43,50,7.1,8.3,.316,.375,
Torres, Gleyber,650402,2022,25,526,135,82,28,1,24,129,39,22.6,6.8,.257,.310,
Diaz, Yandy,650490,2022,30,473,140,98,33,0,9,60,78,10.8,14,.296,.401,
Rengifo, Luis,650859,2022,25,489,129,86,22,4,17,79,17,15.5,3.3,.264,.294,
Chapman, Matt,656305,2022,29,538,123,68,27,1,27,170,68,27.4,11,.229,.324,
Hoskins, Rhys,656555,2022,29,589,145,80,33,2,30,169,72,25.1,10.7,.246,.332,
Mullins II, Cedric,656775,2022,27,608,157,105,32,4,16,126,47,18.8,7,.258,.318,
Schwarber, Kyle,656941,2022,29,577,126,56,21,3,46,200,86,29.9,12.9,.218,.323,
Thomas, Lane,657041,2022,26,498,120,75,26,2,17,132,41,24.1,7.5,.241,.301,
Verdugo, Alex,657077,2022,26,593,166,115,39,1,11,86,42,13.4,6.5,.280,.328,
Ohtani, Shohei,660271,2022,27,586,160,90,30,6,34,161,72,24.2,10.8,.273,.356,
Acuna Jr., Ronald,660670,2022,24,467,124,85,24,0,15,126,53,23.6,9.9,.266,.351,
Varsho, Daulton,662139,2022,25,531,125,72,23,3,27,145,46,24.5,7.8,.235,.302,
Hoerner, Nico,663538,2022,25,481,135,98,22,5,10,57,28,11,5.4,.281,.327,
Riley, Austin,663586,2022,25,615,168,89,39,2,38,168,57,24.2,8.2,.273,.349,
Mountcastle, Ryan,663624,2022,25,555,139,88,28,1,22,154,43,25.3,7.1,.250,.305,
Hayes, Ke'Bryan,663647,2022,25,505,123,89,24,3,7,122,48,21.8,8.6,.244,.314,
Tucker, Kyle,663656,2022,25,544,140,81,28,1,30,95,59,15.6,9.7,.257,.330,
Grisham, Trent,663757,2022,25,451,83,48,16,2,17,150,57,28.6,10.9,.184,.284,
Rodgers, Brendan,663898,2022,25,527,140,94,30,3,13,101,46,17.4,7.9,.266,.325,
Lowe, Nathaniel,663993,2022,26,593,179,123,26,3,27,147,48,22.8,7.4,.302,.358,
Happ, Ian,664023,2022,27,573,155,94,42,2,17,149,58,23.2,9,.271,.342,
France, Ty,664034,2022,27,551,151,103,27,1,20,94,35,15.3,5.7,.274,.338,
Straw, Myles,664702,2022,27,535,118,93,22,3,0,87,54,14.6,9.1,.221,.291,
Bohm, Alec,664761,2022,25,586,164,124,24,3,13,110,31,17.4,4.9,.280,.315,
Brown, Seth,664913,2022,29,500,115,61,26,3,25,146,51,26.3,9.2,.230,.305,
Pena, Jeremy,665161,2022,24,521,132,88,20,2,22,135,22,24.2,3.9,.253,.289,
Guerrero Jr., Vladimir,665489,2022,23,638,175,108,35,0,32,116,58,16.4,8.2,.274,.339,
Soto, Juan,665742,2022,23,524,127,73,25,2,27,96,135,14.5,20.3,.242,.401,
Gimenez, Andres,665926,2022,23,491,146,100,26,3,17,112,34,20.1,6.1,.297,.371,
Bichette, Bo,666182,2022,24,652,189,121,43,1,24,155,41,22.2,5.9,.290,.333,
Garcia, Adolis,666969,2022,29,605,151,85,34,5,27,183,40,27.9,6.1,.250,.300,
Arozarena, Randy,668227,2022,27,586,154,90,41,3,20,156,46,24.2,7.1,.263,.327,
Reynolds, Bryan,668804,2022,27,542,142,92,19,4,27,141,56,23,9.1,.262,.345,
Rojas, Josh,668942,2022,28,443,119,84,25,1,9,98,55,19.2,10.8,.269,.349,
Melendez Jr., MJ,669004,2022,23,460,100,58,21,3,18,131,66,24.5,12.4,.217,.313,
Murphy, Sean,669221,2022,27,537,134,77,37,2,18,124,56,20.3,9.2,.250,.332,
Edman, Tommy,669242,2022,27,577,153,105,31,4,13,111,46,17.6,7.3,.265,.324,
Smith, Will,669257,2022,27,508,132,79,26,3,24,96,56,16.6,9.7,.260,.343,
Hays, Austin,669720,2022,26,535,134,81,35,2,16,114,34,19.6,5.8,.250,.306,
Alvarez, Yordan,670541,2022,25,470,144,76,29,2,37,106,78,18.9,13.9,.306,.406,
Kirk, Alejandro,672386,2022,23,470,134,101,19,0,14,58,63,10.7,11.6,.285,.372,
Kim, Ha-Seong,673490,2022,26,517,130,87,29,3,11,100,51,17.2,8.8,.251,.325,
Rodriguez, Julio,677594,2022,21,511,145,89,25,3,28,145,40,25.9,7.1,.284,.345,
Witt Jr., Bobby,677951,2022,22,591,150,93,31,6,20,135,30,21.4,4.7,.254,.294,
Kwan, Steven,680757,2022,24,563,168,130,25,7,6,60,62,9.4,9.7,.298,.373,
Vaughn, Andrew,683734,2022,24,510,138,92,28,1,17,96,31,17.3,5.6,.271,.321,
McCutchen, Andrew,457705,2023,36,274,73,51,12,0,10,66,49,20.1,14.9,.266,.377,
Turner, Justin,457759,2023,38,352,102,66,22,0,14,65,35,16.3,8.8,.290,.359,
Santana, Carlos,467793,2023,37,319,74,43,22,0,9,63,41,17.4,11.3,.232,.317,
Martinez, J.D.,502110,2023,35,308,79,34,20,2,23,104,22,30.8,6.5,.256,.305,
Goldschmidt, Paul,502671,2023,35,362,103,66,21,0,16,90,49,21.7,11.8,.285,.371,
Marte, Starling,516782,2023,34,307,78,65,7,1,5,66,16,19.8,4.8,.254,.308,
Freeman, Freddie,518692,2023,33,375,121,68,34,2,17,75,45,17.4,10.4,.323,.403,
LeMahieu, DJ,518934,2023,34,295,68,44,15,2,7,72,25,22.2,7.7,.231,.293,
Rizzo, Anthony,519203,2023,33,332,82,58,13,0,11,85,34,22.5,9,.247,.336,
Perez, Salvador,521692,2023,33,322,83,53,15,0,15,84,12,24.3,3.5,.258,.299,
Ozuna, Marcell,542303,2023,32,277,66,41,8,0,17,71,31,22.9,10,.238,.316,
Semien, Marcus,543760,2023,32,400,111,69,27,2,13,61,44,13.5,9.8,.278,.347,
Springer III, George,543807,2023,33,362,99,71,14,1,13,66,30,16.6,7.6,.273,.335,
Trout, Mike,545361,2023,31,304,80,47,14,1,18,103,45,28.8,12.6,.263,.369,
Abreu, Jose,547989,2023,36,353,85,61,16,0,8,88,23,22.9,6,.241,.289,
Diaz, Elias,553869,2023,32,290,78,53,15,1,9,68,24,21.3,7.5,.269,.323,
Suarez, Eugenio,553993,2023,31,336,76,48,15,0,13,114,42,28.7,10.6,.226,.325,
Arenado, Nolan,571448,2023,32,350,100,59,18,2,21,70,28,18.1,7.2,.286,.336,
Hernandez, Enrique,571771,2023,31,285,62,45,11,0,6,65,22,20.9,7.1,.218,.277,
Muncy, Max,571970,2023,32,268,50,23,6,0,21,90,50,27.9,15.5,.187,.322,
Walker, Christian,572233,2023,32,344,90,43,27,0,20,67,37,17.3,9.5,.262,.333,
Contreras, Willson,575929,2023,31,290,69,38,20,0,11,77,32,23.2,9.6,.238,.331,
Castellanos, Nick,592206,2023,31,365,106,66,26,1,13,101,24,25.8,6.1,.290,.332,
Drury, Brandon,592273,2023,30,282,78,45,17,2,14,80,16,26.1,5.2,.277,.322,
Machado, Manny,592518,2023,30,313,81,50,13,0,18,59,26,17.2,7.6,.259,.315,
Realmuto, J.T.,592663,2023,32,300,74,37,21,5,11,82,22,24.7,6.6,.247,.306,
Renfroe, Hunter,592669,2023,31,334,82,46,21,0,15,79,25,21.8,6.9,.246,.298,
Rosario, Eddie,592696,2023,31,278,71,39,15,2,15,72,21,24,7,.255,.307,
Yelich, Christian,592885,2023,31,343,97,62,20,2,13,84,47,21.4,12,.283,.374,
Merrifield, Whit,593160,2023,34,315,92,69,17,0,6,58,25,16.8,7.2,.292,.347,
Bogaerts, Xander,593428,2023,30,337,86,60,15,0,11,71,41,18.5,10.7,.255,.339,
Profar, Jurickson,595777,2023,30,321,78,50,20,2,6,69,37,18.8,10.1,.243,.325,
Baez, Javier,595879,2023,30,350,79,58,12,3,6,84,14,22.6,3.8,.226,.261,
Lindor, Francisco,596019,2023,29,353,82,40,21,2,19,88,39,21.8,9.7,.232,.317,
Candelario, Jeimer,600869,2023,29,331,86,43,27,2,14,77,30,20.7,8.1,.260,.336,
Anderson, Brian,605119,2023,30,292,67,45,11,2,9,99,35,29.6,10.5,.229,.317,
Bell, Josh,605137,2023,30,306,71,44,17,0,10,74,41,21.1,11.7,.232,.323,
Betts, Mookie,605141,2023,30,355,100,49,23,1,27,68,57,16.2,13.5,.282,.382,
Davis, J.D.,605204,2023,30,299,80,54,14,1,11,94,35,27.4,10.2,.268,.348,
Hernandez, Teoscar,606192,2023,30,360,87,54,16,2,15,124,24,31.6,6.1,.242,.296,
Marte, Ketel,606466,2023,29,339,97,60,18,4,15,64,38,16.6,9.9,.286,.364,
Nimmo, Brandon,607043,2023,30,357,93,61,14,4,14,95,48,22.7,11.5,.261,.360,
Turner, Trea,607208,2023,30,390,98,66,19,3,10,101,27,24.1,6.4,.251,.303,
Ramirez, Jose,608070,2023,30,358,103,60,25,4,14,40,44,9.8,10.8,.288,.362,
Bregman, Alex,608324,2023,29,365,91,63,13,2,13,53,52,12.6,12.4,.249,.345,
Meneses, Joey,608841,2023,31,355,99,71,21,1,6,79,23,20.8,6.1,.279,.321,
Swanson, Dansby,621020,2023,29,325,84,57,15,2,10,84,40,22.9,10.9,.258,.343,
Correa, Carlos,621043,2023,28,329,77,43,20,2,12,84,34,23,9.3,.234,.309,
Buxton, Byron,621439,2023,29,276,54,26,12,1,15,99,33,31.3,10.4,.196,.285,
Ward, Taylor,621493,2023,29,326,80,54,16,0,10,72,34,19.4,9.2,.245,.323,
Olson, Matt,621566,2023,29,359,92,42,18,2,30,112,56,26.7,13.4,.256,.360,
Santander, Anthony,623993,2023,28,344,94,51,25,1,17,84,35,21.8,9.1,.273,.345,
Alonso, Pete,624413,2023,28,317,65,31,7,1,26,78,35,21.4,9.6,.205,.305,
Conforto, Michael,624424,2023,30,280,68,46,9,0,13,77,36,23.8,11.1,.243,.334,
Frazier, Adam,624428,2023,31,281,66,41,12,1,12,35,24,11.2,7.7,.235,.301,
Soler, Jorge,624585,2023,31,339,84,41,19,0,24,91,46,23.2,11.7,.248,.344,
Cronenworth, Jake,630105,2023,29,330,70,43,15,4,8,76,42,19.6,10.9,.212,.312,
Anderson, Tim,641313,2023,30,291,68,57,10,1,0,65,15,21,4.9,.234,.272,
Crawford, J.P.,641487,2023,28,313,80,52,20,0,8,70,54,18.9,14.6,.256,.366,
Heim, Jonah,641680,2023,28,306,87,53,21,0,13,58,25,17.4,7.5,.284,.339,
McMahon, Ryan,641857,2023,28,339,87,49,20,3,15,118,40,31,10.5,.257,.336,
Smith, Dominic,642086,2023,28,333,88,70,12,1,5,57,29,15.4,7.9,.264,.333,
Rosario, Amed,642708,2023,27,362,95,71,16,5,3,75,22,19.3,5.7,.262,.306,
Adames, Willy,642715,2023,27,320,67,36,15,0,16,92,36,25.1,9.8,.209,.291,
Estrada, Thairo,642731,2023,27,290,79,51,18,1,9,77,15,24.4,4.8,.272,.327,
Benintendi, Andrew,643217,2023,28,332,97,71,24,1,1,53,32,14.3,8.6,.292,.358,
Cooper, Garrett,643265,2023,32,281,74,50,11,1,12,88,16,29.4,5.4,.263,.304,
Dubon, Mauricio,643289,2023,28,308,85,61,18,2,4,41,10,12.7,3.1,.276,.301,
McNeil, Jeff,643446,2023,31,336,84,66,14,1,3,45,27,11.9,7.1,.250,.324,
Albies, Ozzie,645277,2023,26,357,95,53,17,3,22,59,28,14.8,7,.266,.323,
Devers, Rafael,646240,2023,26,348,91,46,22,0,23,79,32,20.4,8.2,.261,.330,
Naylor, Josh,647304,2023,26,315,98,61,22,0,15,52,21,15.2,6.1,.311,.351,
Arraez, Luis,650333,2023,26,351,132,109,19,1,3,22,28,5.7,7.3,.376,.425,
Torres, Gleyber,650402,2023,26,356,94,65,13,2,14,57,38,14.3,9.5,.264,.333,
Diaz, Yandy,650490,2023,31,305,97,66,18,0,13,55,40,15.7,11.4,.318,.403,
De La Cruz, Bryan,650559,2023,26,353,97,66,20,0,11,92,27,23.9,7,.275,.322,
Chapman, Matt,656305,2023,30,337,89,46,30,1,12,103,43,26.8,11.2,.264,.351,
McKinstry, Zach,656716,2023,28,266,65,46,12,1,6,63,28,21,9.3,.244,.319,
Schwarber, Kyle,656941,2023,30,354,67,28,12,1,26,124,60,29.6,14.3,.189,.313,
Thomas, Lane,657041,2023,27,375,110,69,24,2,15,104,24,25.6,5.9,.293,.342,
Verdugo, Alex,657077,2023,27,344,97,59,27,4,7,50,33,13,8.6,.282,.353,
Ohtani, Shohei,660271,2023,28,362,111,53,16,7,35,95,52,22.5,12.3,.307,.392,
Acuna Jr., Ronald,660670,2023,25,374,125,76,25,1,23,51,48,11.9,11.2,.334,.414,
Ruiz, Keibert,660688,2023,24,296,71,48,12,0,11,30,19,9.3,5.9,.240,.296,
Contreras, William,661388,2023,25,276,74,48,15,1,10,61,31,19.6,9.9,.268,.349,
Varsho, Daulton,662139,2023,26,330,71,46,13,0,12,84,27,23.1,7.4,.215,.278,
Hoerner, Nico,663538,2023,26,366,99,75,15,4,5,52,22,13.1,5.6,.270,.321,
Riley, Austin,663586,2023,26,369,98,63,17,0,18,98,34,23.7,8.2,.266,.329,
Hayes, Ke'Bryan,663647,2023,26,290,73,47,16,5,5,62,16,20.2,5.2,.252,.290,
Tucker, Kyle,663656,2023,26,339,101,65,22,0,14,52,44,13.2,11.1,.298,.376,
India, Jonathan,663697,2023,26,368,92,60,18,0,14,84,36,19.8,8.5,.250,.335,
Raleigh, Cal,663728,2023,26,278,61,35,13,1,12,78,32,25.2,10.3,.219,.300,
Grisham, Trent,663757,2023,26,295,65,30,24,1,10,96,45,27.8,13,.220,.329,
Stephenson, Tyler,663886,2023,26,314,78,56,14,1,7,95,36,26.8,10.1,.248,.332,
Lowe, Nathaniel,663993,2023,27,375,104,67,26,1,10,89,51,20.6,11.8,.277,.366,
Happ, Ian,664023,2023,28,326,81,52,19,2,8,99,65,24.9,16.4,.248,.375,
France, Ty,664034,2023,28,354,89,59,23,0,7,72,20,18.4,5.1,.251,.321,
Straw, Myles,664702,2023,28,314,75,58,14,3,0,73,30,20.9,8.6,.239,.305,
Bohm, Alec,664761,2023,26,305,87,62,16,0,9,55,23,16.5,6.9,.285,.338,
Wade Jr., LaMonte,664774,2023,29,266,73,50,13,1,9,61,56,18.4,16.9,.274,.405,
Pena, Jeremy,665161,2023,25,327,78,51,16,1,10,79,19,22.3,5.4,.239,.294,
Tatis Jr., Fernando,665487,2023,24,313,89,50,21,1,17,66,26,19.1,7.5,.284,.343,
Guerrero Jr., Vladimir,665489,2023,24,358,97,63,20,0,14,63,32,15.7,8,.271,.339,
Soto, Juan,665742,2023,24,328,87,47,23,0,17,84,87,20,20.7,.265,.417,
Taveras, Leody,665750,2023,24,291,83,55,16,2,10,63,20,20.1,6.4,.285,.332,
Ruiz, Esteury,665923,2023,24,334,86,65,19,1,1,68,14,18.4,3.8,.257,.310,
Gimenez, Andres,665926,2023,24,322,80,54,14,4,8,60,20,16.6,5.5,.248,.320,
Bichette, Bo,666182,2023,25,402,128,89,22,1,16,77,15,18.4,3.6,.318,.346,
Garcia, Adolis,666969,2023,30,367,96,51,21,0,24,104,38,25.1,9.2,.262,.331,
Gurriel Jr., Lourdes,666971,2023,29,321,85,47,21,2,15,59,21,17,6.1,.265,.317,
Rooker Jr., Brent,667670,2023,28,274,66,36,13,1,16,100,33,31.5,10.4,.241,.334,
Arozarena, Randy,668227,2023,28,335,93,64,10,2,17,94,48,23.6,12.1,.278,.382,
Steer, Spencer,668715,2023,25,339,93,58,19,2,14,76,43,19.4,11,.274,.363,
Reynolds, Bryan,668804,2023,28,310,80,47,21,3,9,68,31,19.5,8.9,.258,.327,
Rutschman, Adley,668939,2023,25,346,95,66,16,0,13,62,56,15.3,13.9,.275,.374,
Melendez Jr., MJ,669004,2023,24,325,69,42,18,2,7,107,36,29.2,9.8,.212,.292,
Marsh, Brandon,669016,2023,25,272,76,47,17,5,7,95,33,30.6,10.6,.279,.356,
Langeliers, Shea,669127,2023,25,281,57,33,12,2,10,92,20,30,6.5,.203,.265,
Edman, Tommy,669242,2023,28,274,65,40,15,3,7,50,24,16.3,7.8,.237,.303,
Smith, Will,669257,2023,28,253,72,47,11,1,13,43,45,13.9,14.5,.285,.397,
Suwinski, Jack,669261,2023,24,255,57,27,11,0,19,101,47,32.6,15.2,.224,.348,
Gorman, Nolan,669357,2023,23,293,70,37,15,0,18,104,35,31.4,10.6,.239,.320,
Hays, Austin,669720,2023,27,305,94,60,23,2,9,77,19,23.5,5.8,.308,.348,
Paredes, Isaac,670623,2023,24,272,70,39,14,0,17,58,34,18.2,10.7,.257,.362,
Friedl Jr., TJ,670770,2023,27,260,75,53,13,3,6,56,26,18.9,8.8,.288,.361,
Casas, Triston,671213,2023,23,263,62,35,14,1,12,78,43,25.3,14,.236,.341,
Garcia, Luis,671277,2023,23,331,87,66,12,4,5,43,20,12,5.6,.263,.299,
Kelenic, Jarred,672284,2023,23,322,81,44,24,2,11,116,33,32.4,9.2,.252,.321,
Robert Jr., Luis,673357,2023,25,356,98,47,24,0,27,111,21,28.3,5.4,.275,.331,
Kim, Ha-Seong,673490,2023,27,299,78,54,13,0,11,78,40,22.5,11.5,.261,.349,
Suzuki, Seiya,673548,2023,28,282,73,50,13,2,8,83,34,25.8,10.6,.259,.339,
Jung, Josh,673962,2023,25,367,100,60,20,1,19,116,25,29.3,6.3,.272,.323,
Noda, Ryan,676116,2023,27,275,63,34,17,1,11,116,60,34,17.6,.229,.375,
Franco, Wander,677551,2023,22,360,98,61,22,4,11,54,34,13.5,8.5,.272,.337,
Rodriguez, Julio,677594,2023,22,379,94,62,18,1,13,106,31,25.6,7.5,.248,.312,
Witt Jr., Bobby,677951,2023,23,383,97,59,16,6,16,83,21,20.1,5.1,.253,.294,
Vargas, Miguel,678246,2023,23,256,50,24,15,4,7,61,38,20.1,12.5,.195,.305,
Tovar, Ezequiel,678662,2023,21,320,84,51,21,3,9,89,13,26.4,3.9,.263,.297,
Torkelson, Spencer,679529,2023,23,353,82,46,21,1,14,96,38,24.2,9.6,.232,.310,
Kwan, Steven,680757,2023,25,379,103,74,24,2,3,48,41,11.2,9.6,.272,.345,
Donovan, Brendan,680977,2023,26,291,83,63,8,1,11,50,32,15,9.6,.285,.372,
Stott, Bryson,681082,2023,25,350,107,80,17,2,8,59,19,15.6,5,.306,.342,
Outman, James,681546,2023,26,280,68,43,11,3,11,108,32,33.6,10,.243,.333,
Abrams, CJ,682928,2023,22,303,76,47,17,4,8,71,13,21.8,4,.251,.299,
Carroll, Corbin,682998,2023,22,325,93,51,20,4,18,73,32,19.9,8.7,.286,.362,
Henderson, Gunnar,683002,2023,22,285,70,40,12,4,14,94,40,28.7,12.2,.246,.341,
Volpe, Anthony,683011,2023,22,325,68,42,10,3,13,105,32,29.2,8.9,.209,.281,
Vaughn, Andrew,683734,2023,25,353,86,49,23,2,12,78,28,19.8,7.1,.244,.316,
Wiemer Jr., Joey,686894,2023,24,280,58,32,14,0,12,89,30,28.2,9.5,.207,.291,
Yoshida, Masataka,807799,2023,29,324,103,68,21,3,11,40,27,11.2,7.5,.318,.380,